# Host: localhost  (Version 5.5.42)
# Date: 2018-07-01 12:09:38
# Generator: MySQL-Front 5.4  (Build 1.10)

/*!40101 SET NAMES utf8 */;

#
# Structure for table "courier_centers"
#

DROP TABLE IF EXISTS `courier_centers`;
CREATE TABLE `courier_centers` (
  `Id` int(11) NOT NULL AUTO_INCREMENT,
  `pincode` varchar(15) DEFAULT NULL,
  `address` text,
  `state` varchar(50) DEFAULT NULL,
  `country` varchar(50) DEFAULT NULL,
  `city` varchar(50) DEFAULT NULL,
  `email` varchar(255) DEFAULT NULL,
  PRIMARY KEY (`Id`)
) ENGINE=InnoDB AUTO_INCREMENT=26 DEFAULT CHARSET=latin1;

#
# Data for table "courier_centers"
#

INSERT INTO `courier_centers` VALUES (25,'560043','chinnapa garden','Karnataka','India','Bangalore','a2zali@a2zali.com');

#
# Structure for table "courier_centers1"
#

DROP TABLE IF EXISTS `courier_centers1`;
CREATE TABLE `courier_centers1` (
  `Id` int(11) NOT NULL AUTO_INCREMENT,
  `pincode` varchar(15) DEFAULT NULL,
  `address` text,
  `state` varchar(50) DEFAULT NULL,
  `country` varchar(50) DEFAULT NULL,
  `city` varchar(50) DEFAULT NULL,
  `email` varchar(255) DEFAULT NULL,
  PRIMARY KEY (`Id`)
) ENGINE=InnoDB AUTO_INCREMENT=18 DEFAULT CHARSET=latin1;

#
# Data for table "courier_centers1"
#

INSERT INTO `courier_centers1` VALUES (10,'560001','Shivajinagar','Karnataka','India','Bangalore',NULL),(11,'pincode','address','state','country',NULL,NULL),(12,'pincode','address','state','country',NULL,'email'),(13,'pincode','address','state','country',NULL,'email@email.com'),(14,'pincode','address','state','country',NULL,NULL),(15,'pincode123','address','state','country',NULL,NULL),(16,'pincode','address','state','country',NULL,NULL),(17,'pincode','address','state','country',NULL,'test@test.com');

#
# Structure for table "phone_addresses"
#

DROP TABLE IF EXISTS `phone_addresses`;
CREATE TABLE `phone_addresses` (
  `Id` int(11) NOT NULL AUTO_INCREMENT,
  `phone` varchar(25) DEFAULT NULL,
  `address` text,
  PRIMARY KEY (`Id`),
  UNIQUE KEY `phone_unique` (`phone`)
) ENGINE=InnoDB AUTO_INCREMENT=8 DEFAULT CHARSET=latin1;

#
# Data for table "phone_addresses"
#

INSERT INTO `phone_addresses` VALUES (1,'45646543525','No 3, D Street, Bharathinagar, Bangalore'),(2,'45646543','No 3, D Street, Bharathinagar, Bangalore'),(3,'4564654348','No 3, D Street, Bharathinagar, Bangalore'),(4,'8892614277','toAddress'),(5,'2345678991','no 2/1, shaik ali subhedar street, chennai'),(6,'987654321','test address'),(7,'9999999999','');

#
# Structure for table "products"
#

DROP TABLE IF EXISTS `products`;
CREATE TABLE `products` (
  `Id` int(11) NOT NULL AUTO_INCREMENT,
  `name` varchar(255) DEFAULT NULL,
  `code` varchar(255) DEFAULT NULL,
  `photo_file_name` varchar(255) DEFAULT NULL,
  `photo_unique_file_name` varchar(255) DEFAULT NULL,
  `created_on` datetime DEFAULT NULL,
  `updated_on` datetime DEFAULT NULL,
  `cost` int(11) DEFAULT NULL,
  `cgst` int(3) DEFAULT NULL,
  `sgst` int(3) DEFAULT NULL,
  PRIMARY KEY (`Id`),
  UNIQUE KEY `unique_product_code` (`code`)
) ENGINE=InnoDB AUTO_INCREMENT=412 DEFAULT CHARSET=latin1;

#
# Data for table "products"
#

INSERT INTO `products` VALUES (13,'Haldirams nagpur bhujia sav namkeen (1kg)','123VSFGD5E','Haldirams-bhujiya-sev.png','3e92e20095a446a4934253706b30bea4.png',NULL,'2018-04-21 17:01:59',NULL,NULL,NULL),(14,'Nivea bule face cream (100ml)','56777788','images.jpg','3a45ee0a219645b79b65f88ba6da27d5.jpg',NULL,NULL,NULL,NULL,NULL),(15,'Fair & lovely advanced multi vitamin face cream  (50gm)','455677889','images.jpg','fb33445d97344d0e8b598dc637be1341.jpg',NULL,NULL,NULL,NULL,NULL),(16,'Fair & lovely ayurvedic care face cream  (50gm)','12345456777','images.jpg','8da052e07bcc453b8cb7074822268517.jpg',NULL,NULL,NULL,NULL,NULL),(18,'Pond\'s white beauty spot less  fairness face cream  (100gm)','I001207888','images.jpg','c7ccfd9ef3094a14a789527e3de1a32d.jpg',NULL,NULL,NULL,NULL,NULL),(19,'Pond\'s white beauty bb +fairness face cream  (18gm)','67788996678','images.jpg','8648dd7df5c749e2a024f2e45d9a7ee2.jpg',NULL,NULL,NULL,NULL,NULL),(20,'Pond\'s white beauty winter anti spot moisturiser face cream  (35gm)','45667788','242.jpg','f352f5f972a341cda8a47143ee1c975a.jpg',NULL,'2018-04-23 17:01:47',NULL,NULL,NULL),(21,'Olay natural white instant glowing fairness  face cream  (40gm)','0009735FR','unnamed.jpg','736a2593ec5e4a6d91ab9608a4b82e2f.jpg',NULL,NULL,NULL,NULL,NULL),(22,'Olay age protect anti agening face cream(18gm)','4353453RE','8-thickbox_default.jpg','6bd8cc1d59d74744ae30c38d4419ef46.jpg',NULL,NULL,NULL,NULL,NULL),(23,'Olay natural whitenourishing repair night cream (50gm)','3243546578','04902430781114_82268065_productimage_inpackage_front_center_1_2000x2000_imea_india_female_skin_careolay.jpg','36fa7e23d7404c359ede9fb3619d8fb5.jpg',NULL,NULL,NULL,NULL,NULL),(24,'Loreal pairs revitalift laser x3 night cream (50ml)','132435678798765GHJ','loreal-paris-revitalift-laser-x3-night-cream-50ml-1481189373-7561606-e04f7298539489d3ea2ad5cd6da7ce37-catalog.jpg_340x340q80.jpg_.webp','c1b8ea758cd14fbf85eda09590d4e0be.webp',NULL,NULL,NULL,NULL,NULL),(25,'REDBULL','53465768','REDBULL.jpg','a4e8add17d7e4a439f66bd35509227ed.jpg',NULL,NULL,NULL,NULL,NULL),(26,'Olay spf 30 regenerist advanced anti ageing face cream( 50gm)','21345467VCBHG8766554','olay-regenerist-advanced-anti-ageing-microsculpting-skin-cream-moisturizer-spf30-50-g_2_display_1513232115_9d764aad.jpg','c09489449dec468da6e5f78f955e0edf.jpg',NULL,NULL,NULL,NULL,NULL),(27,'Emami fair&handsome face cream(30gm)','FDDFGG541010','pro_18498.jpg','7adf59e54341475da4328edc69ab5f32.jpg',NULL,NULL,NULL,NULL,NULL),(28,'Emami fair and handsome laser 12 advance whitening multi benefit  face cream  (60gm)','hor34563232','unnamed.jpg','778353be9a0f44f181ac0a3239c7c3b2.jpg',NULL,NULL,NULL,NULL,NULL),(29,'Emami fair and handsome complete winter solution face cream  (60gm)','sdfg43','images.jpg','13998fc66eb74cc1a866506d8eb7a25a.jpg',NULL,NULL,NULL,NULL,NULL),(30,'Himalaya natural glow fairness face cream  (50gm)','3243564','images.jpg','3a8f97bd08924626a6220961889df324.jpg',NULL,NULL,NULL,NULL,NULL),(31,'Ayush natural fariness  saffron face  cream  (50gm)','123456fdr','images.jpg','fd25732284d3484bb61397b0174a31f8.jpg',NULL,NULL,NULL,NULL,NULL),(32,'Ayush antimarks turmeric face cream (50gm)','42335yrthfgd','61mLJHiIMPL._SX466_.jpg','46457cdb8fb4412aa72a326f9974e29d.jpg',NULL,NULL,NULL,NULL,NULL),(33,'Fair&lovely men anti marks fairness face cream (50gm)','dsdfg5454','fair-and-lovely-men-anti-marks-fairness-cream-50g.jpg','d17376371b874f149749d9de19cab52e.jpg',NULL,NULL,NULL,NULL,NULL),(34,'VLCC instant fair&low spf15 face cream(25gm)','1232223','VLCC0095.jpg','194ed6ffb1c340c099f30aa1145e9319.jpg',NULL,NULL,NULL,NULL,NULL),(35,'Pond\"s moisturising cold cream (178ml)','456','Ponds-Cold-Cream-1482745120-10029769.jpg','200c59a3e5a44bb9963835be703a346c.jpg',NULL,NULL,NULL,NULL,NULL),(36,'VLCC liquorice cold cream (50ml)','7000001111','VLCC-Liquorice-Cold-Cream-50-SDL263478521-1-c1788.jpg','60214f7c01ef4bb4a0f4d49b57243c20.jpg',NULL,NULL,NULL,NULL,NULL),(37,'GST suser vada kalam rice (25kg)','123','images.jpg','05b16236bd9149afac525be13bf9028f.jpg',NULL,NULL,NULL,NULL,NULL),(38,'Daawat  rozana super basmati rice (5kg)','345','download.jpg','f379ff8518614bb3a14976649bd9bc62.jpg',NULL,'2018-04-21 16:59:31',NULL,NULL,NULL),(39,'Namaste india super preumim old sonamasuri rice (5kg)+(10kg)','68','download.jpg','ac62f1b5cb8b485aac94e0c1b9364827.jpg',NULL,NULL,NULL,NULL,NULL),(40,'Kohinoor everyday  basmati rice (5kg)','46','images.jpg','f176d19e49244e3fa4a990a71840a986.jpg',NULL,NULL,NULL,NULL,NULL),(41,'Daawat rozana mini morga basmati rice (5kg)','567','images.jpg','144a0cfb44ef4977872d8dd10bad2953.jpg',NULL,NULL,NULL,NULL,NULL),(44,'Daawat rozana mini morga basmati rice  (10kg)','45666','images.jpg','71902c31920d4c64bb20cc39fd94bbb3.jpg',NULL,NULL,NULL,NULL,NULL),(45,'Bemisal mothers choice broken regural rice 5kg','2345','images.jpg','257cb0ad449043ef94b63d8c2660c042.jpg',NULL,NULL,NULL,NULL,NULL),(46,'Fortune rozana basmati rice 5kg','56789','download.jpg','1738e8aab0c84b31abda7ec4dbf53350.jpg',NULL,NULL,NULL,NULL,NULL),(48,'India  gate morga basmati rice 1 kg','0876588','images.jpg','c0b45033b18d4aafbec30a5867ad0267.jpg',NULL,NULL,NULL,NULL,NULL),(49,'India gate morga basmati rice 5kg','456890','images.jpg','359002a06d0a423983084c9dba9f4953.jpg',NULL,NULL,NULL,NULL,NULL),(50,'India gate morga basmati rice 10kg','4567879','download.jpg','be8fe3c8516e453f84753042387763d1.jpg',NULL,NULL,NULL,NULL,NULL),(51,'Kohinoor charminar long grians regular rice 5kg','5678900','images.jpg','ff2d9e08701f458e85914049cbe36483.jpg',NULL,NULL,NULL,NULL,NULL),(52,'Kohinoor charminar long grians regular rice 1kg','78900065','unnamed.png','a52ad5fd5466455883c87d4624d1d81c.png',NULL,NULL,NULL,NULL,NULL),(53,'India gate feast  rozana  basmati rice','07890','images.jpg','142b817114804d1885a2969c4e886535.jpg',NULL,NULL,NULL,NULL,NULL),(54,'India gate feast rozana basmati rice 1kg','098765','download.jpg','abc1fcfa34a144a0b4af8776a0d39d55.jpg',NULL,NULL,NULL,NULL,NULL),(55,'Safe harvest sonamasuri rice 5kg','3456778','images.jpg','66a088e3de394eb7a59bcd3483ef15ed.jpg',NULL,NULL,NULL,NULL,NULL),(56,'Safe harvest sonamasuri rice  1 kg','1337009','download.jpg','6f0fe9b74f2e485f95aa7f183bd9fe9f.jpg',NULL,NULL,NULL,NULL,NULL),(57,'Popular needs  super sonamasuri rice 10kg','678900900','unnamed.jpg','0464de68f2304a9996c1f9c0115b7342.jpg',NULL,NULL,NULL,NULL,NULL),(58,'Popular needs super sonamasuri rice 5kg','456895','unnamed.jpg','b36514f35cf34f3d81c89041cb8106c4.jpg',NULL,NULL,NULL,NULL,NULL),(59,'Namaste india premium 1 year old sona masuri rice  25kg','0000006788','images.jpg','5d7047338c35443dbfb1af526c81a4f2.jpg',NULL,NULL,NULL,NULL,NULL),(60,'India gate durbar basmati rice 5kg','1200069','unnamed.jpg','e1ca63a7bf2641fdb14b9911232eb5f3.jpg',NULL,NULL,NULL,NULL,NULL),(61,'India gate dubar basmati rice 1kg','00005566','images.jpg','48e53d18bb7e4e3dbf985bf31ffacea5.jpg',NULL,NULL,NULL,NULL,NULL),(62,'Daawat rozana gold basmati rice 1kg','9087788','unnamed.png','d8519413ff684338aabfe7bff534c315.png',NULL,NULL,NULL,NULL,NULL),(63,'Daawat rozana  gold basmati rice 5kg','98765435','unnamed.jpg','2f09bb38ec93417280b200a4721f6034.jpg',NULL,NULL,NULL,NULL,NULL),(64,'Fortune biryani special basmati rice 5kg','0006888997','unnamed.jpg','9d60edbbf64340a2a4142dcc6d75367f.jpg',NULL,NULL,NULL,NULL,NULL),(65,'Star daily basmati rice 5kg','87654577','unnamed.png','86af009f5bcd4040876d4365e13a5551.png',NULL,NULL,NULL,NULL,NULL),(66,'Star daily basmati rice 1 kg','865446778','images.jpg','8f28685ef9054c0bb9aa2bf91e1a7c88.jpg',NULL,NULL,NULL,NULL,NULL),(67,'Fortune super basmati rice  5kg','986544677','unnamed.jpg','e7ac60d5509a47af817a2ff59d863be8.jpg',NULL,NULL,NULL,NULL,NULL),(68,'Organic tattva browm basmati rice 1kg','9877665','images.jpg','ed499c4c98e54674ae295af669546e83.jpg',NULL,NULL,NULL,NULL,NULL),(69,'Bhagyalakshmi rice flour 1kg','2678889999','download.jpg','9a00a58cf7cd4ac78b07c26969b22f62.jpg',NULL,NULL,NULL,NULL,NULL),(70,'Bhagyalakshmi rice flour 500gm','098766799','unnamed.png','5266561437d64f5ab5a697c53ed4034b.png',NULL,NULL,NULL,NULL,NULL),(71,'Manna idiyappam rice flour 500gm','6792344','images.jpg','2becd2c3ad4a4a66841d1678d25207d8.jpg',NULL,NULL,NULL,NULL,NULL),(72,'Manna red rice flour 500gm','466788668','RICE-FLOUR-500gms.png','769c3849cb9b48d1841c7a719fee1b1f.png',NULL,NULL,NULL,NULL,NULL),(73,'Mana rice flour 1 kg','245677767','unnamed.png','22ea6a96a1a149aa8b94cf22e114f10a.png',NULL,NULL,NULL,NULL,NULL),(74,'Aashirvaad shudh chakki whole wheat atta 10kg','67876556','images.jpg','339d855feb9c4f3e976f83725970361d.jpg',NULL,NULL,NULL,NULL,NULL),(75,'Aashirvaad shudh chakki whole wheat atta 2kg','008876677','unnamed.jpg','ac1d930e1dc1491bb91e383832bda7e1.jpg',NULL,NULL,NULL,NULL,NULL),(76,'Aashirvaad multigrain atta 5 kg','34456677','images.jpg','7c49404f0de94292a55b08f0b45a20a4.jpg',NULL,NULL,NULL,NULL,NULL),(77,'Aashirvaad multigrain atta 1kg','56786788','unnamed.jpg','4e5666999eb143bfa72d15b0addbb3b0.jpg',NULL,NULL,NULL,NULL,NULL),(78,'Aashirvaad select superior sharbati whole wheat atta 5kg','690065556','images.jpg','50207a30441f43eeb28276f14623c08e.jpg',NULL,NULL,NULL,NULL,NULL),(79,'Nature fresh sampoorna chakki atta  10kg','2231456','unnamed.png','f25c9bf1ffb54337aed67b74cfac6d7c.png',NULL,NULL,NULL,NULL,NULL),(80,'Nature fresh sampoorna chakki atta 5kg','678755677','unnamed.jpg','ab9d293c3dd246a89e1b13d09881d5cc.jpg',NULL,NULL,NULL,NULL,NULL),(81,'Pillsbury chakki fresh atta10 kg','87688999','images.jpg','3a4e406df6054a01b65c24c414a01567.jpg',NULL,NULL,NULL,NULL,NULL),(82,'Pillsbury chakki fresh atta 5 kg','144556677','images.jpg','e449ec4ea97144a3b4ffbee5885fbff5.jpg',NULL,NULL,NULL,NULL,NULL),(83,'Annapurna farm fresh whole wheat atta 10 kg','123455666','unnamed.png','516a561f18904589baa16306ea7c168a.png',NULL,NULL,NULL,NULL,NULL),(84,'Annapurna farm fresh whole wheat atta 5kg','56775997986','images.jpg','b0758c30529a444bbda81e08ee5cca7d.jpg',NULL,NULL,NULL,NULL,NULL),(85,'Safe harvest wheat atta 5kg','56899068','download.jpg','45c29d2402fc43f7affd6a92b8d41b7e.jpg',NULL,NULL,NULL,NULL,NULL),(86,'Organic tattva wheat atta 5kg','87654456','unnamed.png','a9b95e30fed14b29b3e21d3fabe9b844.png',NULL,NULL,NULL,NULL,NULL),(87,'Organic tattva wheat atta 1kg','234455666','unnamed.jpg','f12925b1675043128e7c5013ce18ef31.jpg',NULL,NULL,NULL,NULL,NULL),(88,'24 mantra organic whole atta 1kg','7866890990','images.jpg','541ca8a08c054fd6a0664b9fb91c68ca.jpg',NULL,NULL,NULL,NULL,NULL),(89,'24 mantra organic whole wheat atta 5kg','57576786','unnamed.jpg','8837fb3c495746289f81ba469ff33bf1.jpg',NULL,NULL,NULL,NULL,NULL),(90,'Fortune sunlite refined sunflower oil (1td)','454 77788','images.jpg','9cad47993e4846459789e9a9056a7838.jpg',NULL,NULL,NULL,NULL,NULL),(91,'Freedom refined sunflower oil','4556667889','unnamed.jpg','01dfa77334c94609be7d22f50402ddd2.jpg',NULL,NULL,NULL,NULL,NULL),(92,'Sunpure refined sunflower oil  (5lt)','6556788967','images.jpg','afc1fa61121747e29bc0c52bae4ebd71.jpg',NULL,NULL,NULL,NULL,NULL),(93,'Gold winner refined sunflower oil 1lt','46788688','unnamed.jpg','fc94ab4f57d3404aa8765543443d4d73.jpg',NULL,NULL,NULL,NULL,NULL),(94,'Sunpure refined sunflower oil  1lt  (pouch)','5788999','unnamed.png','0bfc32e49e524aaca94ce4b2b6cc7cf4.png',NULL,NULL,NULL,NULL,NULL),(95,'Fortune sunlite refined sunflower oil 5ltr','75578999','images.jpg','e1477d15c3d748e482e72f9e51b2f8ea.jpg',NULL,NULL,NULL,NULL,NULL),(96,'Naturralle sunflower oil 1lt','5678899','unnamed.png','e1aa7aa3841b4206ace433dfff05e216.png',NULL,NULL,NULL,NULL,NULL),(97,'Gold winner refined sunflower oil  5ltr','4567788','unnamed.jpg','29d5618281f3400387db259aabb1faf4.jpg',NULL,NULL,NULL,NULL,NULL),(98,'Borges borgefrit refined high oleic sunflower oil 5ltr','56888999','images.jpg','cac7029d9b3047a2ac73a8c6298cd756.jpg',NULL,NULL,NULL,NULL,NULL),(99,'Gold winner refined sunflower oil 2lt (pet jar )','87567986','images.jpg','21390bc30f96465681656f333b80e880.jpg',NULL,NULL,NULL,NULL,NULL),(100,'Bru green label roast and ground coffee (500gm)','65434444','images.jpg','34851e884ddf41df86b8ffc9c8673945.jpg',NULL,NULL,NULL,NULL,NULL),(101,'Bru green label roast and ground coffeez ( 200gm) pouch','13345535','bru-roast-ground-coffee.jpg','fb4c93d8df404c408e7f329b14075cb0.jpg',NULL,NULL,NULL,NULL,NULL),(102,'Cothas speciality bleend coffee (500gm )','900545566','unnamed.png','9ada5e4a856b428ebde6098037a70bd0.png',NULL,NULL,NULL,NULL,NULL),(103,'Cothas speciality bleend coffee (100gm)','44567888','unnamed.jpg','7bdfa1e38f8b4d3d912a6f8a631ebfa2.jpg',NULL,NULL,NULL,NULL,NULL),(104,'Cothas speciality bleend coffee ( 200gm)','34568889','unnamed.jpg','991edf9fd1ac4719980cf232ab5814ac.jpg',NULL,NULL,NULL,NULL,NULL),(105,'Cothas coffee (500gm)','678999909','unnamed.jpg','06a2ee308eb444f999bcba34971dd46c.jpg',NULL,NULL,NULL,NULL,NULL),(106,'Nescafe sunrise coffee (100gm)','234566778','unnamed.jpg','12c368c6a13d4b77b8e819cbfaea04be.jpg',NULL,NULL,NULL,NULL,NULL),(107,'Nescafe first harvest coffee (50gm)','7678888','unnamed.png','00c8f9a1949048feb56bf755d28fe2a3.png',NULL,NULL,NULL,NULL,NULL),(108,'Bru instant coffee (jar)50gm','68899000','unnamed.jpg','dbc4329b02ca4714b9632223deb06f95.jpg',NULL,NULL,NULL,NULL,NULL),(109,'Bru instant coffee  (pouch) 100gm','3456777','unnamed.jpg','f0435bf53e5f48b498b2ca308b4fd34a.jpg',NULL,NULL,NULL,NULL,NULL),(110,'Nescafe classic coffee  (jar) 100gm','4567777','download.jpg','3de5a1a565a74f93aa53b02558a89340.jpg',NULL,NULL,NULL,NULL,NULL),(111,'Bru instant super strong coffee 500gm','34556677','unnamed.jpg','974f2bd588694d32b3b363a8039a2710.jpg',NULL,NULL,NULL,NULL,NULL),(112,'Nescafe sunrise rich aroma coffee  (pouch )200gm','3556778','unnamed.jpg','9ef3bc4a88a04d1a80ddec84faf33236.jpg',NULL,NULL,NULL,NULL,NULL),(113,'Nescafe sunrise extra coffee 500gm','567788999','unnamed.jpg','d18429b42ff24ca389fbe03c15471e43.jpg',NULL,NULL,NULL,NULL,NULL),(114,'Rise up aroma pure coffee 250gm','566789999','unnamed.jpg','534ce16097924b85a645b0f047c6f416.jpg',NULL,NULL,NULL,NULL,NULL),(115,'Rise up aroma fresh coffee 250gm','6678999','images.jpg','ee878b858e5a4c4bb9a8a3ef3bd9ad29.jpg',NULL,NULL,NULL,NULL,NULL),(116,'Ovtavius gold instant coffee jar  100gm','9777887','unnamed.jpg','802d2cbe17e84aab92691358068113c3.jpg',NULL,NULL,NULL,NULL,NULL),(117,'Baarbara Berry giris legacy coffee  250gm','3556678889','unnamed.jpg','5d72dbb491374a8193542600758ff39d.jpg',NULL,NULL,NULL,NULL,NULL),(118,'Harpic power plus original toilet cleaner  500ml','2445667778','images.jpg','f1e8c74fb44a421bb8ba66bfc85b3450.jpg',NULL,NULL,NULL,NULL,NULL),(119,'Harpic power plus original toilet cleaner  1lt','00000','unnamed.jpg','e248a22747864302b969ae412fabe3ee.jpg',NULL,NULL,NULL,NULL,NULL),(120,'Colin 2x more shine glass cleaner 500ml','3455566677','images.jpg','8b12a353fc674467bf129220ae18fdd6.jpg',NULL,NULL,NULL,NULL,NULL),(121,'Lizol citrus floor cleaner 500ml','45666778','unnamed.jpg','fef5ac1566d84418b4fa10425ccdccf1.jpg',NULL,NULL,NULL,NULL,NULL),(122,'Lizol citrus floor cleaner  2lt','344567899','images.jpg','cc73afdbc1774ec89fc63d2de36d5314.jpg',NULL,NULL,NULL,NULL,NULL),(123,'Harpic germ and stain blaster cirtus toilet cleaner  750ml','09878900','images.jpg','11d0ab4f121b489ba3bb87c04fc82474.jpg',NULL,NULL,NULL,NULL,NULL),(124,'Harpic germ and stain blaster floral toilet cleaner 750ml','56778888','images.jpg','41901a7f82e0411d92c6bcb69d3324bf.jpg',NULL,NULL,NULL,NULL,NULL),(125,'Harpic triple action toilet cleaner 500ml','567899900','images.jpg','2421fbcf40954b59804baea197fdfc88.jpg',NULL,NULL,NULL,NULL,NULL),(126,'DoMexico original expert toilet  cleaner 1lt','4566778','unnamed.png','ab40d0bedff240b1903f4b1dcf193937.png',NULL,NULL,NULL,NULL,NULL),(127,'Sani fresh ultra shine toilet cleaner 1lt','345566','images.jpg','d2889e79790d4fb7a0df4f1cb00db0d4.jpg',NULL,NULL,NULL,NULL,NULL),(128,'Sani fresh ultra shine toilet cleaner 500ml','345545677','unnamed.jpg','1d02203e26ae448a9ac2a075ff8f8225.jpg',NULL,NULL,NULL,NULL,NULL),(129,'Lizol citrus floor cleaner 975 ml','6788999','images.jpg','f85e418b1c6547dd9d2b754fceb70f50.jpg',NULL,NULL,NULL,NULL,NULL),(130,'Lizol lavender floor cleaner 975ml','45667777','unnamed.png','996f961fc8d14becba8724112338b7b6.png',NULL,NULL,NULL,NULL,NULL),(131,'Lizol lavender floor cleaner 500ml','45566777','images.jpg','3f567bfae0324fdeafb2ed3ad96626a5.jpg',NULL,NULL,NULL,NULL,NULL),(133,'Lizol lavender floor cleaner 2lt','3500077799','unnamed.jpg','2f4707d292204f238f7aefae9086b829.jpg',NULL,NULL,NULL,NULL,NULL),(134,'Domex floor cleaner  500ml','8899000','images.jpg','44967e9beb384c8ab2ef926306f55a3d.jpg',NULL,NULL,NULL,NULL,NULL),(135,'Domex floor cleaner 1lt','44555666','images.jpg','43878b96b9384b77b3681c3ef16266d4.jpg',NULL,NULL,NULL,NULL,NULL),(136,'Mr muscle  citrus floor cleaner 1lt','45677888','unnamed.png','bc14aee82c194e798be3983b206a14be.png',NULL,NULL,NULL,NULL,NULL),(137,'Vim lemon dish washer gel 750ml','06556677','download.jpg','88d7906f69ab4a789d6c48d67cf7508f.jpg',NULL,NULL,NULL,NULL,NULL),(138,'Vim lemon dish washer gel 250ml','577788886','download.jpg','e88e5c065f814e65878154c6657e2a57.jpg',NULL,NULL,NULL,NULL,NULL),(140,'Vim lemon dish washer gel 500ml','244566667','unnamed.jpg','38a34a00140a4909a55fedb9be955901.jpg',NULL,NULL,NULL,NULL,NULL),(141,'Vim lemon dishwash bar  tube 500gm','6786889','images.jpg','244ad6c0158743cbada2281b0a2f5268.jpg',NULL,NULL,NULL,NULL,NULL),(142,'Vim lemon dishwash bar tube 300gm','8643577','download.jpg','c0ea4c509ebb4714877f7086be105029.jpg',NULL,NULL,NULL,NULL,NULL),(143,'Exo round dishwash bar 500gm','33455778','images.jpg','4e2b44ad28694344a1ae3b78e9252f76.jpg',NULL,NULL,NULL,NULL,NULL),(144,'Cadbury bournvita health drink ( jar ) 1kg','678899','unnamed.jpg','016b83cb87f94b86a51eff729f14bc83.jpg',NULL,NULL,NULL,NULL,NULL),(145,'Cadbury bournvita health drink  (jar ) 500gm','7757788','images.jpg','62112a9dbe3a46c4a06edf865bd03814.jpg',NULL,NULL,NULL,NULL,NULL),(146,'Cadbury bournvita 5 star magic  health drink  (refill ) 500gm','34567886','download.jpg','a14a70a058fa4f8ab61f3d1781edb000.jpg',NULL,NULL,NULL,NULL,NULL),(147,'Cadbury bournvita lil champ health drink  (jar) 500gm','122334556','unnamed.jpg','a1fd977c23ff40769dd49d8df0cf9e92.jpg',NULL,NULL,NULL,NULL,NULL),(148,'Cadbury bournvita lil champ health drink  (refille) 500gm','3556688','unnamed.jpg','3c22d893921f474786ade6844a9c1960.jpg',NULL,NULL,NULL,NULL,NULL),(149,'Cadbury bournvita 5 star magic health drink  (jar) 500gm','45678888','unnamed.jpg','dd60281addfa46aeaaf0b6806b62802b.jpg',NULL,NULL,NULL,NULL,NULL),(150,'Cadbury bournvita 5 star magic health drink  (jar)1kg','355667778','images.jpg','84fe6562f5fb4386ba016c231647b831.jpg',NULL,NULL,NULL,NULL,NULL),(151,'Boost 3x stamina health drink  (refill)500gm','5667899990','images.jpg','cd19066be34742559ec3e5d228000658.jpg',NULL,NULL,NULL,NULL,NULL),(152,'Boost 3x stamina health drink (refill) 450gm','6778888','images.jpg','8ecc17428bf94eb38abb4ba901674ff2.jpg',NULL,NULL,NULL,NULL,NULL),(153,'Boost 3x stamina health drink  (refill) 750gm','78899966','unnamed.jpg','3d2a3634d47943eeac602370a5082763.jpg',NULL,NULL,NULL,NULL,NULL),(154,'Horlicks classic malt health and nutrition drink  (refill)500gm','4556677','images.jpg','f342dad861d24ace93e11256050a09b6.jpg',NULL,NULL,NULL,NULL,NULL),(155,'Horlicks classic malt health and nutrition drink (pet jar) 1kg','23333445','images.jpg','ca811b04b4574d9d93d1c1eee247c08d.jpg',NULL,NULL,NULL,NULL,NULL),(156,'Horlicks classic malt health and nutrition drink  (refill pack) 200gm','123356777','images.jpg','4a9fe0559ffe4c5c8cbeb5ec3bd6945f.jpg',NULL,NULL,NULL,NULL,NULL),(157,'Women\'s horlicks caramels health and nutrition drink  (pet jar)400gm','45567788','images.jpg','930dd76cb0a44f81a14424b9f7ee5f80.jpg',NULL,NULL,NULL,NULL,NULL),(158,'Horlicks growth vanilla health drink 200gm','34566777','unnamed.jpg','fa5f56bb199840e6875a03f774931ee4.jpg',NULL,NULL,NULL,NULL,NULL),(159,'Horlicks growth vanilla health and drink (pet jar)400gm','677888','images.jpg','41f4ab8faf1645a2a21fcbc0c4411c78.jpg',NULL,NULL,NULL,NULL,NULL),(160,'Manna sattu health drink 200gm','345566777','unnamed.png','7b8d4142ce3c401d8eaab16e2759edaa.png',NULL,NULL,NULL,NULL,NULL),(161,'Horlicks chocolate health and nutrition drink  (refill) 500gm','55678998','images.jpg','99b519658fab46ba974d47735ee791cf.jpg',NULL,NULL,NULL,NULL,NULL),(165,'Pediasure premium  chocolate health drink (refill)1kg','67887000','images.jpg','3ccb9d89f6e744528ab6585af6b74949.jpg',NULL,NULL,NULL,NULL,NULL),(166,'Women\'s horlicks chocolate health and nutrition drink  (jar)400gm','00000667','images.jpg','87a5e2f53b69412f9cbd09356ba3263c.jpg',NULL,NULL,NULL,NULL,NULL),(167,'Pediasure vanilla delight health drink 1kg','76556778','unnamed.jpg','b072ec69c7f34b669d0dd37990465f62.jpg',NULL,NULL,NULL,NULL,NULL),(168,'Pediasure vanilla delight health drink 750gm','678899000','images.jpg','84fa220f513c431aa833ee5a2d1090ee.jpg',NULL,NULL,NULL,NULL,NULL),(169,'Pediasure vanilla delight health drink 400gm','987679900','images.jpg','33873d7e8fa044889cb40a0f7144b8b1.jpg',NULL,NULL,NULL,NULL,NULL),(170,'Horlicks growth chocolate health drink (pet jar) 400gm','67893456u','images.jpg','fed8c73952db4d629136fe01fd7505d2.jpg',NULL,NULL,NULL,NULL,NULL),(171,'Horlicks growth chocolate health drink  (carton) 200gm','67889900','unnamed.png','80da0952d6e5442cb1c61744682e3ab4.png',NULL,NULL,NULL,NULL,NULL),(173,'Mother\'s horlicks vanilla health and nutrition drink  (refill) 450gm','08678999','images.jpg','968395b1586e422fa604857df032013b.jpg',NULL,NULL,NULL,NULL,NULL),(174,'Horlicks chocolate delight health and nutrition drink 1kg','5489034','images.jpg','91bc149d355249f2bc1cb41a8a487aaa.jpg',NULL,NULL,NULL,NULL,NULL),(175,'Horlicks chocolate delight health and nutrition drink (refill pack) 750gm','456677887','download.jpg','2f451e343779419ab69510fe5e66b6fd.jpg',NULL,'2018-04-21 17:04:24',NULL,NULL,NULL),(176,'Horlicks chocolate delight health and nutrition drink (refill pack )500gm','1113345566','images.jpg','38e449d9cb1c47e196a2ec4858e6c16b.jpg',NULL,NULL,NULL,NULL,NULL),(177,'Junior horlicks stage 1 original health and nutrition drink (refill pack) 500gm','65568889','unnamed.jpg','0972295f9d3d4cbb865c2cf486bb03e6.jpg',NULL,NULL,NULL,NULL,NULL),(178,'Complan kesar badam health drink 400gm','654554466','unnamed.jpg','3ae6d57762df477ba07664527df95153.jpg',NULL,NULL,NULL,NULL,NULL),(179,'Complan memory badam chocolate health drink  (jar) 450gm','46677788','images.jpg','950cfff53c584d5a8906f2c1ccb606eb.jpg',NULL,NULL,NULL,NULL,NULL),(180,'Complan original chocolate  health drink  (refill) 1kg','234455567','images.jpg','d57e2d35f8744eb2930f71947253efdb.jpg',NULL,NULL,NULL,NULL,NULL),(181,'Saffola active slimming nutrishake royal kesar pista health  drink  (jar)400gm','56777888','images.jpg','6ba111486c0742b195158420bd533091.jpg',NULL,NULL,NULL,NULL,NULL),(182,'Horlicks protein plus chocolate   scientifically designed high protein drink  (400gm)','8901571009336','8R6A8518.JPG','06193b0656164d198a6eab40a39bc2fc.JPG',NULL,'2018-04-24 07:56:26',NULL,NULL,NULL),(183,'Simmon iq plus premium chocolate health drink (refill) 400gm','34567788','download.jpg','3e6f2e3d8ae14203b6564743f5587556.jpg',NULL,NULL,NULL,NULL,NULL),(184,'Complan chocolate health drink (reffil)200gm','57888999','unnamed.jpg','30fc9d27ac164d5e8629141c0fa2ff03.jpg',NULL,NULL,NULL,NULL,NULL),(185,'Complan chocolate health drink (jar) 450gm','344556667','images.jpg','6447ef456a08449090e11a51cca17d7e.jpg',NULL,NULL,NULL,NULL,NULL),(186,'Head and shoulder smooth and silky anti dandruff  shampoo (1lt)','45566778','images.jpg','2afcbb3a0f154743806589b938a466b6.jpg',NULL,NULL,NULL,NULL,NULL),(187,'Head and shoulder smooth and silky anti dandruff shampoo (675ml)','3456884567','unnamed.jpg','fcfd9e8c28594810898b9d10d5aa2aee.jpg',NULL,NULL,NULL,NULL,NULL),(188,'Head and shoulder smooth and silky anti dandruff shampoo  (340ml)','3456677788','images.jpg','c3ccd95f8f3f4b5697bec43f0d8634bb.jpg',NULL,NULL,NULL,NULL,NULL),(191,'Close up ever fresh red hot gel toothpaste  (300gm)','5675677577y','images.jpg','179bac5c1ab14e898d03ed7037d9b06b.jpg',NULL,NULL,NULL,NULL,NULL),(192,'Colgate strong teeth toothpaste 500gm','45566667777','images.jpg','9538ba4c442e4825ab8da94deb3db5a5.jpg',NULL,NULL,NULL,NULL,NULL),(193,'Head and shoulder silky black anti dandruff shampoo  ( 675ml)','8668897','images.jpg','384ef8264d9040e2a7d8a0da763fd012.jpg',NULL,NULL,NULL,NULL,NULL),(197,'Head and shoulder cool menthol anti dandruff shampoo  (340ml)','3444556667','download.jpg','cd47e57babd44da49e6e0cad2bc54c20.jpg',NULL,NULL,NULL,NULL,NULL),(198,'Pantene hair fall control shampoo  (1lt )','23344556666','images.jpg','2ff709d108cf45ba91b9dc3410414a10.jpg',NULL,NULL,NULL,NULL,NULL),(199,'Pantene hair fall control shampoo (360ml)','455666','images.jpg','68f6d5f22fb045b0a8d2b40c0a39a619.jpg',NULL,NULL,NULL,NULL,NULL),(200,'Pantene hair fall control shampoo  (675ml)','56677788','images.jpg','d3f174fc26724d8e923f36630248b603.jpg',NULL,NULL,NULL,NULL,NULL),(201,'Tresemme nourish and replenish shampoo  (580ml)','456677788','unnamed.jpg','f513e2ff7bd74692b12e532e3cd03534.jpg',NULL,NULL,NULL,NULL,NULL),(202,'Tresemme nourish and replenish shampoo (400ml)','2345566','images.jpg','289d2a8d252e4812953acdd959492cdd.jpg',NULL,NULL,NULL,NULL,NULL),(203,'Dove nourishing secrets invigorating body lotion  (400ml)','4666789999','images.jpg','aed23c8b9c48401793bc71fe101961c0.jpg',NULL,NULL,NULL,NULL,NULL),(204,'Dove nourishing secrets invigorating body lotion  (250ml)','909088788','unnamed.jpg','ac51bb6520364e34a9334a6146528f98.jpg',NULL,NULL,NULL,NULL,NULL),(205,'Dove nourishing secrets glowing ritual body lotion  (250ml)','355677899','unnamed.jpg','12e0f9d8e6494e508fd12a193ef333b1.jpg',NULL,NULL,NULL,NULL,NULL),(206,'Dove nourishing secrets glowing ritual body lotion  (400ml)','879797970','images.jpg','7c60b36671fb4ffda8fc65ce377359ba.jpg',NULL,NULL,NULL,NULL,NULL),(207,'Engage mate men\'s deodeodorant  (150ml)','45667788767','unnamed.jpg','f78d84eb1fd0440fb3aca18d2a10075b.jpg',NULL,NULL,NULL,NULL,NULL),(208,'Engage sport fresh him deodeodorant  (150ml)','355667778888','unnamed.jpg','6852f4e4d41e4cbdb39c33468723548d.jpg',NULL,NULL,NULL,NULL,NULL),(209,'Axe dark temptation men\'s deodeodorant  (150ml)','567788889','images.jpg','e398f8d52a4341bfae2938980486e3b8.jpg',NULL,NULL,NULL,NULL,NULL),(210,'Axe gold temptation men\'s deodorant','5677788889','images.jpg','e21afe4bacc44d53ab1b4232f51c4d0d.jpg',NULL,NULL,NULL,NULL,NULL),(211,'Fogg fresh fougere fragrance body spary for men\'s  150ml','8904238300517','images.jpg','fa706645a7604b04960310e0224e97ab.jpg',NULL,NULL,NULL,NULL,NULL),(212,'Nivea soft light face cream  (100ml)','3455666777','download.jpg','0b887a541a4b469e8c8743c47a7a7932.jpg',NULL,NULL,NULL,NULL,NULL),(213,'Nivea men dark spot reduction face cream  (75ml)','45567789','images.jpg','91ade4e9422746a4a99cd185bde11423.jpg',NULL,NULL,NULL,NULL,NULL),(214,'Dabur gulabari rose glow face cleanser (100ml)','4544784511','pro_291955.webp','fd88a7b121e64b7596fa420bb2fc6ff5.webp',NULL,NULL,NULL,NULL,NULL),(215,'VLCC insta glow gold bleach (30gm)','5166512102','51tfV92Ez-L._SX466_.jpg','64be017b38ff4520aca0b10199ee374f.jpg',NULL,NULL,NULL,NULL,NULL),(216,'Ayush natural fariness saffron face cream','345556667','fffggfgfgfg.png','d3a61dfc6c32456ea401abbe34e9b341.png',NULL,'2018-04-23 14:26:42',NULL,NULL,NULL),(217,'VLCC insta glow herbal anti tan bleach (54gm)','00126454','1-1517061231.jpg','ca61c194e35140d38d3fad7b196e3a6e.jpg','2018-04-22 05:38:41','2018-04-22 05:38:41',NULL,NULL,NULL),(218,'VLCC insta glow gold bleach (100gm)','84612356','51tfV92Ez-L._SX466_.jpg','9b0c5ba96dbd4687b44a1b7d9baf7c3f.jpg','2018-04-22 05:40:44','2018-04-22 05:40:44',NULL,NULL,NULL),(219,'VLCC insta glow daimond bleach (60gm)','44548978','51Wv2NqRfaL._SX466_.jpg','b47b65f474df40798b7161417ee0c084.jpg','2018-04-22 05:42:47','2018-04-22 05:42:47',NULL,NULL,NULL),(220,'VLCC insta glow oxygen bleach (21gm)','7899841','41htSUDCgEL._SX466_.jpg','707cf1f1a7ea41b997334d02ce78f414.jpg','2018-04-22 05:44:33','2018-04-22 05:44:33',NULL,NULL,NULL),(221,'Fem diamond bleach (10gm)','012558554','s-l300.jpg','0e221ed39b3347ada1832f5cf5ca3c2d.jpg','2018-04-22 05:46:25','2018-04-22 05:46:25',NULL,NULL,NULL),(222,'Fem turmeric herbal creme bleach (8gm)','8778448','61pQs1DJJ+L._SX466_.jpg','f5c50a6e9328429e8b81e5b40579d5a8.jpg','2018-04-22 05:51:57','2018-04-22 05:51:57',NULL,NULL,NULL),(223,'Fem gold ultra creme bleach (30gm)','5814584745','pro_336981.webp','c3bf3a52715d422b989278ccb92de266.webp','2018-04-22 05:54:02','2018-04-22 05:54:02',NULL,NULL,NULL),(224,'Colgate strong teeth with cavity protection buy 2 get 1 free','8901314010254','8R6A8423.JPG','baf087f688604831a4f38cbfa6ed5e60.JPG',NULL,'2018-04-24 08:57:02',250,5,5),(225,'nivea creme soft creme soap pack of 4','8904256000031','8R6A8397.JPG','c3371a9720bb4f6dbf3716f468c397ee.JPG',NULL,'2018-04-24 08:56:04',NULL,NULL,NULL),(226,'Lifebuoy immunity boosting hand sanitizer (190ml)','8901030599163','8R6A8448.JPG','d59df8ef10104ffeabffe4c55d4e8b20.JPG',NULL,'2018-04-24 08:54:44',NULL,NULL,NULL),(227,'Himalaya baby lotion nourishes and moisturizes makes skin soft and smooth (200ml)','8901138511470','8R6A8367.JPG','25bd5d11de3f42e2b2c2cc3bd27f9361.JPG',NULL,'2018-04-24 08:52:40',NULL,NULL,NULL),(228,'Neutrogena deep clean facial cleanser normal to oily skin (200ml)','8901012185094','8R6A8380.JPG','1915056dc38246d9bd1d1ec0aae513bc.JPG',NULL,'2018-04-24 08:51:49',NULL,NULL,NULL),(229,'Colgate plax eppermint fresh (250ml)','8901314077998','8R6A8405.JPG','b852d93f794a400c9ab0fefad9ee688b.JPG',NULL,'2018-04-24 08:57:51',NULL,NULL,NULL),(230,'Pantene pro-v hair fall control shampoo (360ml)','4902430773775','8R6A8400.JPG','a928110f49a94435b91eb91a32001170.JPG',NULL,'2018-04-24 08:47:50',NULL,NULL,NULL),(231,'Ponds dreamflower fragrant talc pink lily(200gm)','8901030638572','8R6A8373.JPG','a027f13e74584857ba2be9fed54990ab.JPG',NULL,'2018-04-24 08:46:51',NULL,NULL,NULL),(232,'Colgate swarna vedshakticreated with ayurvedic expertise (200gm)','8901314308061','8R6A8445.JPG','5bc71aea3067483093f2ae0038a54636.JPG',NULL,'2018-04-24 08:45:54',NULL,NULL,NULL),(233,'Colgate  total charcoal deep clean (120gm +120gm)','8901314307637','8R6A8356.JPG','e4381ea407644098bf7e2b4039738351.JPG',NULL,'2018-04-24 08:44:49',NULL,NULL,NULL),(234,'Fogg bleu ocean fragrance body spary(120ml)','8908001158701','download.jpg','518e2a62e89f42fa9fc0827aff518d2e.jpg',NULL,'2018-04-24 19:33:07',NULL,NULL,NULL),(235,'Gohmsons baby powder keeps babys skin comfortable and dry (400gm)','8901012116586','8R6A8413.JPG','d409c7fa65eb4e87b3cd16692f4db1da.JPG',NULL,'2018-04-24 08:41:19',NULL,NULL,NULL),(236,'Yardey london english rose perfumed talc(250gm)','8903105010436','8R6A8362.JPG','a861b3341c4e44fe9976f33d398d5c64.JPG',NULL,'2018-04-24 08:40:25',NULL,NULL,NULL),(237,'pantene prov silky smooth care shampoo (360ml)','4902430773799','8R6A8418.JPG','98ac029a3f004e5b996943fd8ec61c6b.JPG',NULL,'2018-04-24 08:39:20',NULL,NULL,NULL),(238,'NIvea men oil control all -in -1 face wash with cooling menthol (150ml)','4005900181305','8R6A8458.JPG','68eec74f2a054c86bec79873cafc1e2e.JPG',NULL,'2018-04-24 08:37:46',NULL,NULL,NULL),(239,'Lifebuoy active silver formula germ protection handwash (190ml)','8901030678523','15286083353211138780750.jpg','05dd2ddb693e475094493cb5b1b30916.jpg',NULL,'2018-06-10 05:26:09',NULL,NULL,NULL),(240,'Fine life air freshener floral paradise (249ml)','8902689589857','8R6A8376.JPG','0bd60541445c439c84158fa737ec91ab.JPG',NULL,'2018-04-24 08:33:46',NULL,NULL,NULL),(241,'himalaya baby powder refreshes and cools the skin keeps babys skin soft and dry(400gm0','8901138824037','8R6A8430.JPG','58fd8b6f195649e4941e198c042cb749.JPG',NULL,'2018-04-24 08:32:37',NULL,NULL,NULL),(242,'Ponds pure whitr anti pollution+purityy face wash with activated charcoal (50gm)','8901030681363','8R6A8454.JPG','ad7f989b6a9a42419490458a4c090f4b.JPG',NULL,'2018-04-24 08:31:09',NULL,NULL,NULL),(243,'Nivea creme soft creme soap buy 3 get 1 free (4 x 75gm)=300gm','8904256000079','8R6A8439.JPG','7d69cb2859c443abaf1b3103f5a78ca5.JPG',NULL,'2018-04-24 08:30:02',NULL,NULL,NULL),(244,'Garniermen oilclear skin purifying gel face wash ++anti-oxidant matcha (100gm)','8901526991150','8R6A8408.JPG','54d6039424474040874592eb35b67680.JPG',NULL,'2018-04-24 08:27:17',NULL,NULL,NULL),(245,'Neutrogena deep clean foaming cleanser (100gm)','9556006060513','8R6A8463.JPG','06b239dcb2e54fbe9d999d4587f25e32.JPG',NULL,'2018-04-24 08:24:24',NULL,NULL,NULL),(246,'Pantene pro - v oil replacement power of nourishing oils in a creamy form(80ml)','4902430685542','8R6A8462.JPG','c318e2b9451d45d2a0949e16010c2d18.JPG',NULL,'2018-04-24 08:58:53',NULL,NULL,NULL),(247,'Clean & clear blackhead clearing daily scrub oil-free-wont clog pores(80gm)','8901012186077','8R6A8390.JPG','d4a1f684258245a8b73d0b2258cec52d.JPG',NULL,'2018-04-24 08:20:17',NULL,NULL,NULL),(248,'Gohnsons baby shampoo  prevents irritation reness and stinging (475ml)','8901012116364','8R6A8495.JPG','1d94613fa1de4426b15616faaf473111.JPG',NULL,'2018-04-24 08:03:38',NULL,NULL,NULL),(249,'Vanish oxi action (400gm)','8901396040408','8R6A8492.JPG','46d0767dd2ab4a10bd0d174edacf2c86.JPG',NULL,'2018-04-24 08:19:02',NULL,NULL,NULL),(250,'Lifebuoy activ sliver formula germ protection handwash cool fresh with menthol (750ml)','8901030659263','15286084044391187304868.jpg','775d6c3589834964a9ae3f14209244b6.jpg',NULL,'2018-06-10 05:27:10',NULL,NULL,NULL),(251,'Colgate advance health (2x120gm)','8901314307576','8R6A8491.JPG','4771ffb5c60d438597e8fa92b507e6a3.JPG',NULL,'2018-04-24 08:15:43',NULL,NULL,NULL),(252,'Fine line air freshener lemon garden (29ml)','8902689502566','8R6A8528.JPG','e3fef861fb8045c8a8a51a9ff1a6c92d.JPG',NULL,'2018-04-24 08:14:09',NULL,NULL,NULL),(253,'Fine life air freshener rose (249ml)','8902689320474','8R6A8524.JPG','a914e036e2444d318dbad2b4d02019ca.JPG',NULL,'2018-04-24 08:12:21',NULL,NULL,NULL),(254,'Fine life air freshener garden bloom (249ml)','8902689349949','8R6A8521.JPG','56b9d19612484c6ab95991cd1bdeac1e.JPG',NULL,'2018-04-24 08:10:35',NULL,NULL,NULL),(255,'Himalaya pure hands lemon and sanitizer (500ml)','8901138511135','8R6A8541.JPG','68f74e9db84a40c18135a72833a072de.JPG',NULL,'2018-04-24 08:08:58',NULL,NULL,NULL),(256,'Fogg bleu mountain fragrance body spray (120ml)','8908001158695','8R6A8538.JPG','df6652cf4e7a40249fdd6c7814979fe1.JPG',NULL,'2018-04-24 08:07:54',NULL,NULL,NULL),(257,'Nivea fresh protect  body deodorizer  120 ml','4005900207999','15285468935341996033132.jpg','c2fba4478db945a0ac52297b28d1f446.jpg',NULL,'2018-06-09 12:21:59',NULL,NULL,NULL),(258,'Colgate plax freshmint splash fresher smiles between brushing  (250ml)','8901314077981','8R6A8544.JPG','3b66377d7f194b008272109f3b0aea1a.JPG',NULL,'2018-04-24 08:02:13',NULL,NULL,NULL),(259,'Dettol instant hand sanitizer  original (200ml)','8901396381808','8R6A8550.JPG','2e24e45fd5334316821895576cc0e3a0.JPG',NULL,'2018-04-24 08:01:05',NULL,NULL,NULL),(262,'Colgate plax fresh tea fresher smiles between brushings (250ml)','8901314077073','8R6A8547.JPG','6316b7514a5f477a886183d9749d94ec.JPG',NULL,'2018-04-24 08:00:01',NULL,NULL,NULL),(263,'Ambipur ultra control car aqua (2x7.5ml)','4902430819732','8R6A8502.JPG','1276524adce34f7988891e0b4f898bd2.JPG',NULL,'2018-04-24 07:59:01',NULL,NULL,NULL),(264,'Fine life green tea 1 box = (50gm)','8902689424455','jjjj.png','ee4d161799a241d7a14230d0332e33a8.png',NULL,'2018-05-10 05:21:36',NULL,NULL,NULL),(265,'Red bull energy drink (4x250ml)','9002490224844','8R6A8515.JPG','d8db8ac2b2f34e91b605262cb1b80b03.JPG',NULL,'2018-04-24 07:57:35',NULL,NULL,NULL),(266,'Maggi hot & sweet tomato chilli sauce ( 500gm)','8901058117783','8R6A8509.JPG','a5356a6d4e604d9ab65abf604a2de566.JPG',NULL,'2018-04-24 07:54:31',NULL,NULL,NULL),(267,'Pampers baby dry pants ( Large 9-14 kg) 68 pants','4902430780124','fffggfgfgfg.png','58acff31bf984115a699100b66cdc99d.png',NULL,'2018-04-26 07:49:06',NULL,NULL,NULL),(268,'Mamypoko pants extra absorb (xL 12-17kg) 38 pants','8903622031587','8R6A8653.JPG','7aeee4ab8c1d49adbca56034e24b2cd6.JPG',NULL,'2018-04-29 05:50:58',NULL,NULL,NULL),(269,'Pampers active baby 5 star skin comfort (Large 9-14 kg) 50 Daipers','4902430761055','8R6A8662.JPG','d3b8d98d00a64ce38bc24aa1705c4f46.JPG',NULL,'2018-04-29 05:50:17',NULL,NULL,NULL),(270,'Copper man water bottle (1000ml) 100%natural / pure copper','23826595','8R6A8636.JPG','09f48083e55a42019f90bbfa15a57860.JPG',NULL,'2018-04-29 05:52:08',NULL,NULL,NULL),(271,'Comfort fabric conditioner with fragrance pearls after wash anti-bacterial action  (860ml)','8901030649400','8R6A8627.JPG','a2c1399cefc14241aaf5e25e5a447f82.JPG',NULL,'2018-04-29 05:54:03',NULL,NULL,NULL),(272,'Comfort fabric fragrance pearls after wash morning fresh (1.6L)','8901030690396','8R6A8624.JPG','addfcb184a9c4b03ba551b7f256da0aa.JPG',NULL,'2018-04-29 06:14:19',NULL,NULL,NULL),(273,'Comfort fabric conditioner with fragrance perals ater wash lily fresh (1.6L)','8901030690402','8R6A8621.JPG','8a1c4b91494b4eba8c4248e611021993.JPG',NULL,'2018-04-29 05:49:22',NULL,NULL,NULL),(274,'Ariel matic concentrated liquid deterget (1kg)','4902430736077','8R6A8620.JPG','1128c5ad57154cd9a7487e3bdee25913.JPG',NULL,'2018-04-29 06:19:25',NULL,NULL,NULL),(275,'Wipro safe wash liquid detergent gentle wash( buy 1 get 1 free) 1 kg','8901399009501','8R6A8631.JPG','7d71216ab0e84b3998f238990ff36239.JPG',NULL,'2018-04-29 06:17:59',NULL,NULL,NULL),(276,'Surf excel matic removes tough tains in machines( front load ) 2kg','8901030556807','tyyuu.png','627471ee325c47dfb615ea824056b5f3.png','2018-04-26 08:13:27','2018-04-26 08:13:27',NULL,NULL,NULL),(277,'Surf excel matic removes tough stains in machines ( top load) 1kg','8901030556593','uiiiuiui.png','2e756fc97a4a4ec4b4deb89081002945.png','2018-04-26 08:16:04','2018-04-26 08:16:04',NULL,NULL,NULL),(278,'Sunsilk perfect straight shampoo lively straight hair moving with you (340ml)','8901030610660','DSC_8777.JPG','037be6a4aa654ea4b58e97f1461949f3.JPG',NULL,'2018-05-02 10:01:31',NULL,NULL,NULL),(279,'Sunsilk lusciously thick&long shampoo visibly thicker hair that bounes with you (340ml)','8901030610622','DSC_8801.JPG','ea08eef0254f41b589dfdc89c5824f34.JPG',NULL,'2018-05-02 09:51:09',NULL,NULL,NULL),(280,'Sunsilk stunning black shine shampoo hair that shines like you do (340ml)','8901030610615','DSC_8753.JPG','7be88323098f47eea22e99cedefeafa5.JPG',NULL,'2018-05-02 09:43:57',NULL,NULL,NULL),(281,'Sunsilk nourishing soft & smooth shampoo silky smooth hair wonderful to touch (340ml)','8901030610639','518kAkz2qUL._SL1000_.jpg','25da51d00c22413cbf15def9060a71cd.jpg',NULL,'2018-05-02 09:18:24',NULL,NULL,NULL),(282,'Sunslk nourishing soft & smooth shampoo silky smooth hair wonderful to touch ( 650ml)','8901030610684','zzzzzzz.png','fe9a98572d07486a8b15940dbf9b6cfd.png','2018-04-26 08:31:41','2018-04-26 08:31:41',NULL,NULL,NULL),(283,'Sunsilk stunning black shine shampoo hair that shines like you do (650ml)','8901030610677','xccccc.png','0b2afd7df308475eaec1d19a0c4888c2.png','2018-04-26 08:33:41','2018-04-26 08:33:41',NULL,NULL,NULL),(284,'Sunsilk lusciously thick & long sampoo visibly thicker hair that bounces with you (650ml)','8901030610707','vvvvvvv.png','93fb91ee27eb448b879681dc7b9e8495.png','2018-04-26 08:36:45','2018-04-26 08:36:45',NULL,NULL,NULL),(285,'Clinic plus strong & long health shampoo with advanced ilk protein formula (650ml)','8901030541902','DSC_8761.JPG','0af9ec47a02c4822a46fb0ce6ae915e4.JPG',NULL,'2018-05-02 10:04:22',NULL,NULL,NULL),(286,'Nycil cool guabjal with rose petals prickly heat powder (150gm)','8901542017582','DSC_8806.JPG','402e4ba02d8b490c8d2e0624295efc50.JPG',NULL,'2018-05-02 10:13:47',NULL,NULL,NULL),(287,'Nycil cool classic with menthol prickly heat powder (150gm)','8901542014802','DSC_8822.JPG','63fd82afa4974074a105100d02333671.JPG',NULL,'2018-05-02 10:14:36',NULL,NULL,NULL),(288,'Garnier fructis strengthening shampoo long & strong anti - breakage anti- split ends (340ml)','8901526202812','DSC_8825.JPG','ee0e3b6ef7674386aa40232c7021a2d8.JPG',NULL,'2018-05-02 09:56:37',NULL,NULL,NULL),(289,'Meera hairfall care shampoo with shikakai & badam for strong & healthy hair (180ml)','8902979022798','pro_28152.webp','0f5129ecd14e42fd9abe58572a70c12e.webp',NULL,'2018-05-02 09:01:36',NULL,NULL,NULL),(290,'Loreal paris  fall resist 3x anti -hair fall conditioner','8901526102358','jjjjj.png','8a4c14a167324ef6b50eb12d757c23b3.png',NULL,'2018-05-02 09:48:38',NULL,NULL,NULL),(291,'Head & shoulders anti -dandruff shampoo cool menthol cools and energizes scalp ( 360ml)','4902430773829','DSC_8770.JPG','7784477af8c54189a6fad8533a019805.JPG',NULL,'2018-05-02 10:11:14',NULL,NULL,NULL),(292,'Head & shoulders anti dandruff shampoo anti- hair fall reduces hair fall from breakage (360ml)','4902430773812','DSC_8789.JPG','ff74f75e16fc45428ac36a7dd0687099.JPG',NULL,'2018-05-02 10:08:36',NULL,NULL,NULL),(293,'Nyle naturals shampoo anti-hairfall  badam coconut milk amla- conditions & strengthens strong & healthy hair (400ml)','8902979022866','71wcFM5jltL._SL1500_.jpg','1cc43dc53168446fa5ee2cfdb81e0f9c.jpg',NULL,'2018-05-02 09:24:19',NULL,NULL,NULL),(294,'Nyle naturals advanced shampoo dryness hydration aloevera amla tulsi green tea -fights dryness & smoothens  smooth & silky hair (400ml)','8902979022903','81xZXZAjgAL._SL1500_.jpg','460ae8b981c149a0bb56e8f2df8b55ea.jpg',NULL,'2018-05-02 09:22:28',NULL,NULL,NULL),(295,'Nyle naturals advanced shampoo anti- dandruff crud aloevera lemon fights dandruff & soothens  scalp care (400ml)','8902979027724','71MX-da0zXL._SL1500_.jpg','59c62e94d77d47f58168380a35303b56.jpg',NULL,'2018-05-02 09:27:03',NULL,NULL,NULL),(296,'Dove intense repair shampoo with keratin actives (650ml)','8901030453212','aaaaaa.png','b9990bdf86be4a6da6524c3d0839e8c4.png','2018-04-26 09:15:52','2018-04-26 09:15:52',NULL,NULL,NULL),(297,'Dove nourishing oil care shampoo with vita oils (340ml)','8901030622830','qqqqq.png','e7cfb4c3e8264d6e9251ac9ead743f00.png','2018-04-26 09:18:14','2018-04-26 09:18:14',NULL,NULL,NULL),(298,'Dove daily shine shampoo with nutritive serum (340ml)','8901030622793','DSC_8817.JPG','d08978a4de2d4a9384770d2e3e58e13a.JPG',NULL,'2018-05-02 10:06:39',NULL,NULL,NULL),(299,'Dove dandruff care shampoo with zpto and micro moistureserum (340ml)','8901030684401','DSC_8796.JPG','e325a28a41a24eeaabf3d08c6fa9bae6.JPG',NULL,'2018-05-02 10:00:16',NULL,NULL,NULL),(300,'Dove oygen moisture shampoo for dry dull hair(340ml)','8901030546990','DSC_8809.JPG','5e9b36e8c8784593860c10538c9b7c39.JPG',NULL,'2018-05-02 09:58:33',NULL,NULL,NULL),(301,'Ecova  energy efficient led','8901265226230','download.png','6a9e9cbd1ed94010accb2d64681034a3.png','2018-04-27 07:23:10','2018-04-27 07:23:10',NULL,NULL,NULL),(302,'Eveready cool day light b22d 9w','8901691016030','vbnmmnmnm.jpg','0208c7b110e54afe9019c59a52d1106a.jpg',NULL,'2018-05-02 12:06:06',NULL,NULL,NULL),(303,'Philips stellar bright led lamp b22 20w','8718696646564','qqqq.png','bdaa169e7c86462bacd61441135eaf37.png','2018-04-27 07:28:09','2018-04-27 07:28:09',NULL,NULL,NULL),(304,'Philips ace saver led lamp crystal white 7w','8718696544129','aaaaa.jpg','f44d415295de49e5b78ba82c5ee7baf6.jpg',NULL,'2018-05-02 11:55:50',NULL,NULL,NULL),(305,'Philips stellar bright  1200 lumens 12w','8718696672921','wwww.png','65a83251678042caaa3da1042eab286b.png','2018-04-27 07:32:41','2018-04-27 07:32:41',NULL,NULL,NULL),(306,'Wipro garnet 12w led bulb 6500k','8901399120015','61qlvJE9v-L._SX679_.jpg','f0ca19b13b0f4b15bc4056b8e9565ae0.jpg',NULL,'2018-05-02 12:09:46',NULL,NULL,NULL),(307,'Philips stellar bright led lamp 10w delivers 1000 lumen','8718696764558','Philips-10W-LED-Bulb-Cool-SDL295198762-2-5839c.jpeg','e9c8c9e11c934ada9dd4bd8f4588c117.jpeg',NULL,'2018-05-02 11:52:32',NULL,NULL,NULL),(308,'Philips ace saver crystal white 9w 2x1n','8718696680919','nnnn.png','0f00dd4d37d3472282e89910998bd75a.png','2018-04-27 07:44:05','2018-04-27 07:44:05',NULL,NULL,NULL),(309,'Aashiwad  superior  mp atta','8901725121716','aashirvad-aata-500x500.png','bb31d49c160345a39a6007579976cbba.png','2018-05-01 11:02:36','2018-05-01 11:02:36',NULL,NULL,NULL),(310,'Pillsbry chakki fresh atta','8906000210321','7.jpg','d2c042e3f2174c098c7447495fbd53a9.jpg','2018-05-01 11:07:17','2018-05-01 11:07:17',NULL,NULL,NULL),(311,'Livon serum vitamin E new light weight formula mild fragrance (100ml)','8901088062398','81yVmIzmYlL._SL1500_.jpg','31e95bd20fd942bdb3acfc205f3768e6.jpg','2018-05-02 09:37:02','2018-05-02 09:37:02',NULL,NULL,NULL),(312,'Pears pure & gentle value pack of 3 bathing bar','8901030662515','81VZ1pHvlNL._SL1500_.jpg','0d6fa24bb7d845c29bb7c4910cf023eb.jpg','2018-05-02 10:25:15','2018-05-02 10:25:15',NULL,NULL,NULL),(314,'Santoor  gold saffron sandal & sakura extracts 125 gm','8901399102028','81YFf9QnSlL._SL1500_.jpg','4cad2cae4b2b414e993cf4273af6cf95.jpg',NULL,'2018-05-02 10:39:24',NULL,NULL,NULL),(315,'Park avenue good morning fragrant deo soap 125 g','8901277012654','30004608_3-park-avenue-bathing-soap-good-morning.jpg','50ad61395970458b82f5c5c55c6add1f.jpg','2018-05-02 10:43:16','2018-05-02 10:43:16',NULL,NULL,NULL),(316,'Pears oil - clear & glow 75 g','8901030609435','61Ow5GgeXmL._SX522_.jpg','d0d0fd6b779042fa9cd139c58768318c.jpg','2018-05-02 10:48:41','2018-05-02 10:48:41',NULL,NULL,NULL),(317,'Aashirvaad superior mp atta 2kg','8901725121730','aashirvaad-shudh-chakki-atta-2kg.jpg','e7a1f45439ce461191fbf572ba84e512.jpg','2018-05-02 11:04:27','2018-05-02 11:04:27',NULL,NULL,NULL),(318,'Alishaan aroma a4 basmati rice 1KG','8904049650511','Img000000162_Alishaan_AlishaanAromaA4BasmatiRiceRaw_5_Kg.jpg','0104824cda7b4393bab5e619c133395e.jpg','2018-05-02 11:07:29','2018-05-02 11:07:29',NULL,NULL,NULL),(319,'Aashirvaad iodised salt 1 kg','8901725123123','download.jpg','037ae81d8fee4253bed86319a195594d.jpg','2018-05-02 11:09:51','2018-05-02 11:09:51',NULL,NULL,NULL),(320,'Madhur pure & hygienic sugar 1kg','8906026900022','3.webp','4b182aa29c29479999786d888b6d302f.webp','2018-05-02 11:16:32','2018-05-02 11:16:32',NULL,NULL,NULL),(321,'Azad vermicelli roasted nylon sooji vermicelli  (500gm)','8906002460014','ooo00000uuffv.jpg','eb907b4193194508be7a09d119bb18f3.jpg','2018-05-02 11:25:32','2018-05-02 11:25:32',NULL,NULL,NULL),(323,'physically refined sunflower oil with natural vitamins ( 1 lt)','8908000502017','8908000502017.jpg','879ae93c5e1949c38147e7d7d277a169.jpg','2018-05-02 11:29:09','2018-05-02 11:29:09',NULL,NULL,NULL),(324,'Ecova  energy efficient led  5 watts','8905650223033','ecova-5w-bulb-2-1200x900.jpg','1500377c52cd4b938f279079d3c77bd0.jpg','2018-05-02 11:43:24','2018-05-02 11:43:24',NULL,NULL,NULL),(325,'Head & shoulder smooth & silky 2 in 1n shampoo+ conditioner  (360ml)','4902430790147','300px-No_image_available.svg.png','d15c5ebbadd140ba8c8f9e1a8a815bc2.png','2018-05-07 09:14:01','2018-05-07 09:14:01',NULL,NULL,NULL),(326,'Clinic plus naturally strong with herbal extracts (340ml)','8901030679094','bbbb.png','247a5dfa68654c9d8170e79dac34f042.png','2018-05-07 09:16:27','2018-05-07 09:16:27',NULL,NULL,NULL),(327,'Head & shoulder anti -dandruff shampoo +conditioner cool menthol (360ml)','4902430790130','vvvv.png','84bb962947684672bdfe7f61810e1457.png','2018-05-07 09:19:57','2018-05-07 09:19:57',NULL,NULL,NULL),(328,'Dove hair fall rescue shampoo with nutrilock actives (340ml)','8901030622779','nnnn.png','5621b2ed6f914284b057c2ffe98c3ddd.png','2018-05-07 09:21:46','2018-05-07 09:21:46',NULL,NULL,NULL),(329,'Loreal total repair 5 advanced repairing conditioner damaged hair (192 ml)','8901526101511','ffff.png','ead674afa3314f25b424be34fff6536c.png','2018-05-07 09:24:55','2018-05-07 09:24:55',NULL,NULL,NULL),(335,'Loreal colour protect  protecting shampoo coloured hair (192ml)','8901526101238','rrrrr.png','c23871d9cd4b4124a6950cc3c69b7ddf.png','2018-05-07 09:30:57','2018-05-07 09:30:57',NULL,NULL,NULL),(336,'Clinic plus tangle free conditioner (160ml)','8901030588945','vvvvv.png','037df3c7e3c94d499414501c27791fdb.png','2018-05-07 09:33:51','2018-05-07 09:33:51',NULL,NULL,NULL),(337,'Dove dryness care shampoo with pro - moisture complex ( 340ml)','8901030622816','qqqq.png','b15661454f5f415a99cb315ae7031f07.png','2018-05-07 09:35:54','2018-05-07 09:35:54',NULL,NULL,NULL),(338,'Philips 17 w 1700 lumen stellar bright crystal white','8718696646526','zzzzzz.png','fb88c6d6b38646e285248aa3dfb966f3.png','2018-05-07 09:40:58','2018-05-07 09:40:58',NULL,NULL,NULL),(339,'Dove pink rose beauty bathing bar ( 3x100g)=300 g','8901030662430','ssss.png','d771f224e8374f72a5926b408b8a5bdb.png','2018-05-07 09:43:40','2018-05-07 09:43:40',NULL,NULL,NULL),(341,'Pears soft and fresh look young stay young (33%extra)75 g + 25 g =100 g','8901030623363','tttt.png','5c13f574800044e693bbd2dbdc296125.png','2018-05-07 09:49:54','2018-05-07 09:49:54',NULL,NULL,NULL),(344,'Dove go fresh fresh moisture beauty bathing cream (75 g)','8901030361463','ooooo.png','23177befd4a24a7ab70481635fdb7625.png','2018-05-07 09:52:43','2018-05-07 09:52:43',NULL,NULL,NULL),(345,'Dove pink / rosa beauty bathing bar (33% extra) 75 g+ 25 g =100 g','8901030662188','ttpt.png','9518bcc1657a4c258231157cdc144b16.png','2018-05-07 09:54:38','2018-05-07 09:54:38',NULL,NULL,NULL),(346,'Dove go fresh beauty bathing bar (75 g)','8901030616389','dddd.png','1c44290e7ea14baca400c4a21d05d5d4.png','2018-05-07 09:55:42','2018-05-07 09:55:42',NULL,NULL,NULL),(348,'G R B  ghee (200ml)','8906010360085','cccc.png','0a9413e4258546ccab74ca3c1e0ccd66.png','2018-05-07 09:56:45','2018-05-07 09:56:45',NULL,NULL,NULL),(349,'Pillsbury chakki fresh atta (2kg)','8906000210307','xxxxx.png','7700cd6f7d1e42379706889943c7779c.png','2018-05-07 09:58:22','2018-05-07 09:58:22',NULL,NULL,NULL),(350,'Nivea men protect & care vitalizing after shave loition  ( 100ml)','4005900361028','iiiii.png','8487fab913544bb89edfa29cc8093e8c.png','2018-05-07 10:04:01','2018-05-07 10:04:01',NULL,NULL,NULL),(351,'Gillette after shave splash cool wave crisp (100ml)','4902430615549','yyyyy.png','7fbcd4ea2b9948c6adcd9206fc860da7.png','2018-05-07 10:05:36','2018-05-07 10:05:36',NULL,NULL,NULL),(352,'Surf excel matic liquid front load (1.02 l)','8901030695711','rrrr.png','c3b9565e78e449c495ad8c180090a837.png','2018-05-07 10:32:02','2018-05-07 10:32:02',NULL,NULL,NULL),(353,'Surf excel matic liquid top load (1.02 l)','8901030695704','jjjj.png','22a933c9db7440438c204063ccacb259.png','2018-05-07 10:34:16','2018-05-07 10:34:16',NULL,NULL,NULL),(354,'Horlicks protein  vanilla flavour (400 g)','8901571009305','bbbb.png','d6e3b7131b8b475d94e7acb825ebaa38.png','2018-05-10 05:36:23','2018-05-10 05:36:23',NULL,NULL,NULL),(355,'Cinthol cool menthol+ active deo fragrance ( buy 3 get 1 free ) 3u x125g +1u x75g free =450 g','8901023004735','0000.png','fb50b7612f12454fbf8467403db1edf3.png','2018-05-10 06:49:33','2018-05-10 06:49:33',NULL,NULL,NULL),(356,'Nivea men oil control all in 1 face wash ( 50 g)','4005808919604','15285460482331935057738.jpg','558ff8f7fc45421d878a3a98c4fc5836.jpg',NULL,'2018-06-09 12:07:59',NULL,NULL,NULL),(357,'Nivea mens fresh power charge longlasting deodorant (150ml)','8904256002974','20180609_163847.jpg','c516a07550e34b1fbe67debba96f7c74.jpg',NULL,'2018-06-09 12:05:08',NULL,NULL,NULL),(358,'Nivea mens fresh active original longlasting deodorant (150ml)','8904256002820','20180609_163933.jpg','442cec6194864a0bb6ed2ccd86652a96.jpg',NULL,'2018-06-09 12:06:33',NULL,NULL,NULL),(359,'Nivea men fresh power boost longlasting deodorant (150ml)','8904256002912','15285457219741151848262.jpg','6f85ec8df7b5442ea1e5a0b6850fc534.jpg',NULL,'2018-06-09 12:02:32',NULL,NULL,NULL),(360,'Fima gel bar patchouli & macadamia (125 g)','8901725921729','15286091113061721396629.jpg','8b428d2d88694260930eeb7c4b812f92.jpg',NULL,'2018-06-10 05:39:43',NULL,NULL,NULL),(361,'Garnier men oil control fairness cream ( all day fairness) 45 g','8901526207565','20180609_164206.jpg','3be37197fe5e44d7925ecb0a2b4cdb56.jpg',NULL,'2018-06-09 11:39:54',NULL,NULL,NULL),(362,'Nivea pure talc gentle care reliable protection ( 100g )','8904256001908','20180609_164243.jpg','075e157d10e84e968496d5c5e8468d6e.jpg',NULL,'2018-06-09 11:22:26',NULL,NULL,NULL),(363,'Nivea pearl & beauty beautiful underarms deodorant (150ml)','8904256001762','20180609_163952.jpg','5b4577fa92564eacac14a1ce98e7b1c2.jpg',NULL,'2018-06-09 11:38:49',NULL,NULL,NULL),(364,'Park avenue long lasting body fragrance epic for men with class (125g)','8901277015426','20180609_163917.jpg','ab51b90b350d45d9a963bb1a044fc8bb.jpg',NULL,'2018-06-09 11:37:36',NULL,NULL,NULL),(365,'Gariner men acno fight anti -pimple face wash ( 100g)','8901526209637','20180609_164132.jpg','89e7c390af6842868b43e3a9db66d8cd.jpg',NULL,'2018-06-09 11:36:23',NULL,NULL,NULL),(366,'Yardley london gold dedorizing talc (250g)','8903105010405','20180609_163812.jpg','0e4a3631db5f4de690bcae575c52da3d.jpg',NULL,'2018-06-09 11:35:10',NULL,NULL,NULL),(367,'Fiama gel bar buy 4 get 1 free 125gx4 gel bars& fiama gel +creme moisturising bar  free','8901725921545','pppp.png','bf225ab9282842f6b8ab8200cfdd689a.png','2018-05-22 10:18:37','2018-05-22 10:18:37',NULL,NULL,NULL),(368,'Himalaya men active sport face wash (100ml)','8901138837501','20180609_164253.jpg','fb708c536d9f4837b42b337977c349d3.jpg',NULL,'2018-06-09 11:33:47',NULL,NULL,NULL),(369,'Fiama gel bar bearberry & blackcurrant (125g)','8901725921323','1528609050306-68464124.jpg','eb2ba2d259ca4f32b2d8efc15f529e74.jpg',NULL,'2018-06-10 05:38:03',NULL,NULL,NULL),(370,'Fiama gel bar peach & avocado (125g)','8901725921026','1528608967018267708607.jpg','9d9f5e6733f34e48ad0ec9535b127e20.jpg',NULL,'2018-06-10 05:36:49',NULL,NULL,NULL),(371,'Head & shoulders anti - dandruff shampoo cool menthol (675ml)','4902430774413','fffff.png','26833a04b4cf4b74b6b2065d5c319e66.png','2018-05-22 10:26:23','2018-05-22 10:26:23',NULL,NULL,NULL),(372,'Pantene pro -v total damage care shampoo (675ml)','4902430774338','ggg.png','3452def78aa9425dae3d771002b68597.png','2018-05-22 10:29:32','2018-05-22 10:29:32',NULL,NULL,NULL),(373,'Pantene prov -v hair fall control shampoo (675ml)','4902430774307','hhhhh.png','3944182b98ad4564be0f3204bd2a161b.png','2018-05-22 10:30:59','2018-05-22 10:30:59',NULL,NULL,NULL),(374,'Pantene pro -v silky smooth care shampoo (675ml)','4902430774321','jjjj.png','f61dc9b150da49d6a7b5e038fe82d509.png','2018-05-22 10:32:32','2018-05-22 10:32:32',NULL,NULL,NULL),(375,'Head & shoulders anti -dandruff smooth & silky shampoo (675ml)','4902430774437','kkkk.png','33ff4ea5b4a9414eab291c2a5b87297d.png','2018-05-22 10:34:18','2018-05-22 10:34:18',NULL,NULL,NULL),(376,'Nivea musk talc gentle care reliable protection( 400g)','4005808169382','20180609_164309.jpg','92081d0ec532492a81d80b79532dc808.jpg',NULL,'2018-06-09 11:21:21',NULL,NULL,NULL),(377,'Adidas ice dive deo body spary developed with athletes ( 150ml)','3607345387321','20180609_164048.jpg','8f3488e6c6524cba8edd828d44ed54c0.jpg',NULL,'2018-06-09 11:32:38',NULL,NULL,NULL),(378,'Adidas victory league  deo boby spary( 150ml)','3607345380292','20180609_163827.jpg','10817f049f954be4983e139548bbeb9d.jpg',NULL,'2018-06-09 11:31:30',NULL,NULL,NULL),(379,'Adidas dynamic pulse deo body spary (150ml)','3607345380094','20180609_164113.jpg','acd752a8531f4fd48fde6fb51c09171f.jpg',NULL,'2018-06-09 11:28:13',NULL,NULL,NULL),(380,'Adidas pure game deo body spray (150ml)','3607345401119','20180609_164033.jpg','28301ff133c94ae9b1fc239b19f5a1dd.jpg',NULL,'2018-06-09 11:25:34',NULL,NULL,NULL),(381,'Himalaya koflet lozenges (660g)','8901138828523','vvvvv.png','e51efe9c4497486c9b53b7340d7ec2f3.png','2018-05-22 12:03:12','2018-05-22 12:03:12',NULL,NULL,NULL),(382,'Kissan squeezo fresh tamato ketchup (900 g)','8901030630132','bbbbb.png','50d2ab41797f4ed3956eb88ca499f126.png','2018-05-22 12:04:55','2018-05-22 12:04:55',NULL,NULL,NULL),(383,'Sugar free natura diet sugar sprinkel cook & bake  ( 80 g)','8901120146710','20180609_164218.jpg','5aec7e47f7d14de599d5ea45975224cf.jpg',NULL,'2018-06-09 11:26:32',NULL,NULL,NULL),(384,'Del monte tomato ketchup original blend ( 500g)','8901246003492','mmmmm.png','632ad01372024174839dfafdc73d13d1.png','2018-05-22 12:08:51','2018-05-22 12:08:51',NULL,NULL,NULL),(385,'Del monte tomato ketchup no onion no garlic ( 1kg)','8901246004024','11111.png','3abae29dfe994399ac32b739ade62ec8.png','2018-05-22 12:10:32','2018-05-22 12:10:32',NULL,NULL,NULL),(386,'Sugar free gold low calories sugar substitue (50g)','8901120143733','20180609_164018.jpg','85be60bdf0634e45b6ae36479e274a56.jpg',NULL,'2018-06-09 11:23:34',NULL,NULL,NULL),(387,'Wingreens farms chinese secret sauce  ( 100 gm)','8906064651542','333333.png','37b4fd8e248b43979cb0c0de30564c4c.png','2018-05-22 12:14:32','2018-05-22 12:14:32',NULL,NULL,NULL),(388,'Wingreens farms achaari sauce (100g)','8906064651580','44444.png','b8f4e0d9a3184201938db35e9a0b2435.png','2018-05-22 12:15:49','2018-05-22 12:15:49',NULL,NULL,NULL),(389,'wingreens farms cheesy jalapeno sauce ( 100 g)','8906064651481','5555.png','779cfff785344b7db09708f3a7d4f9af.png','2018-05-22 12:17:21','2018-05-22 12:17:21',NULL,NULL,NULL),(390,'Wingreens farms tandoori sauce (100 g)','8906064651573','66666.png','d7cd2f49830940a3a7ff327bbd809ae3.png','2018-05-22 12:18:45','2018-05-22 12:18:45',NULL,NULL,NULL),(391,'Wingreens farms peri peri ketchup (100g)','8906064651566','777777.png','1f23bbd4493f42ce9abdb605db8bb50c.png','2018-05-22 12:20:28','2018-05-22 12:20:28',NULL,NULL,NULL),(392,'Wingreens farms sweet chilli garlic sauce(100 g)','8906064651634','8888.png','0c8c998ade5549a9addc99d635bc7fb9.png','2018-05-22 12:23:21','2018-05-22 12:23:21',NULL,NULL,NULL),(393,'Wingreens fars schezwan chilli garlic  sauce  (100 g)','8906064651535','99999.png','3f4ae21ef8b04f94b3bd6e655ebf96c0.png','2018-05-22 12:25:25','2018-05-22 12:25:25',NULL,NULL,NULL),(394,'Wingreens farms bhut sriracha sauce (100 g)','8906064651559','00000.png','bf8acca4a9a145688813290ca581d4b4.png','2018-05-22 12:28:48','2018-05-22 12:28:48',NULL,NULL,NULL),(395,'Veeba mint mayonnaise ( 300 g)','8906069400015','121.png','610b7099a1684289b5d5f92e7ffa3be1.png',NULL,'2018-06-02 02:14:00',500,6,6),(396,'Veeba thousand island dressing (300gm)','8906069400022','111.png','f27d3bbd247f436d9e1cd32d2ee32d46.png',NULL,'2018-06-02 12:04:56',390,20,20),(397,'Veeba sriracha chilli garlic sauce ( 320 g)','8906069400657','1528609228542-542200084.jpg','13a102ac3eef4a9c9b8783969a238851.jpg',NULL,'2018-06-10 05:40:53',500,10,10),(400,'Fima gel +creme moisturising bar frangipani + almond cream ( 125 g)','8901725929060','1528608886938-1732563011.jpg','63fba60fa80f442ca7d603d596c21a63.jpg',NULL,'2018-06-10 05:35:26',64,5,5),(401,'Fima gel bar seaweed & lemongrass (125g)','8901725921125','1528608788366-1413557387.jpg','6d03007bed3349f687c43e9980413e6e.jpg',NULL,'2018-06-10 05:34:05',62,5,5),(402,'Ponds dreamflower fragrant talc pink lily ( 400 g)','8901030638565','20180609_163725.jpg','32ab2a8768ba4c3a88a2ffea427daac6.jpg',NULL,'2018-06-09 11:17:40',220,5,5),(403,'Wingreens farms cheesy chipotle sauce (100 g)','8906064651511','1528608738077-2124894437.jpg','d1c3452e8f924f7c954f91082f576844.jpg',NULL,'2018-06-10 05:32:42',99,5,5),(404,'Wingreens farms cheesy sauce  ( 100 g)','8906064651474','1528608674696-1294941574.jpg','63b019f55f2a4db28080b7291e2cf614.jpg',NULL,'2018-06-10 05:31:53',99,5,5),(407,'Veeba barbeque sauce ( 330 g)','8906069400077','152860857441873266904.jpg','64b54985a0204c089e19cd758814dba8.jpg',NULL,'2018-06-10 05:30:36',129,5,5),(408,'Adidas deo body spray team force ( 150ml)','3607345380247','1528608467183876710212.jpg','015f76270cf047d99f38d9033ac4263c.jpg',NULL,'2018-06-10 05:28:56',190,5,5),(409,'Ambipur ultra control car lavender spa (2x7.5ml)','4902430819725','1528546999493-1096852802.jpg','9010bc957f1444bd89eb959d5b88df35.jpg',NULL,'2018-06-09 12:23:48',440,5,5),(410,'Gillette foam regular (418g)','4902430602761','15286082187221435688286.jpg','977cb88a6a18467b81b8453d35def04f.jpg',NULL,'2018-06-10 05:24:17',200,5,5),(411,'Gillette foam sensitive ( 418g)','4902430602747','1528608177240147372498.jpg','a143b5499d1c4021aec148b95e8e3fff.jpg',NULL,'2018-06-10 05:23:15',200,5,5);

#
# Structure for table "inventory"
#

DROP TABLE IF EXISTS `inventory`;
CREATE TABLE `inventory` (
  `Id` int(11) NOT NULL AUTO_INCREMENT,
  `product_id` int(11) DEFAULT NULL,
  `expiry_date` date DEFAULT NULL,
  `courier_center_id` int(11) DEFAULT NULL,
  `quantity` int(11) DEFAULT NULL,
  PRIMARY KEY (`Id`),
  KEY `product_id` (`product_id`),
  KEY `courier_center_id` (`courier_center_id`),
  CONSTRAINT `inventory_ibfk_1` FOREIGN KEY (`product_id`) REFERENCES `products` (`Id`),
  CONSTRAINT `inventory_ibfk_2` FOREIGN KEY (`courier_center_id`) REFERENCES `courier_centers` (`Id`)
) ENGINE=InnoDB AUTO_INCREMENT=141 DEFAULT CHARSET=latin1;

#
# Data for table "inventory"
#

INSERT INTO `inventory` VALUES (1,397,'2018-10-01',25,1),(2,396,'2018-09-30',25,1),(3,395,'2018-09-30',25,1),(4,393,'2018-09-01',25,1),(5,391,'2018-09-01',25,1),(6,389,'2018-07-01',25,1),(7,390,'2018-09-01',25,1),(8,387,'2018-07-05',25,1),(9,394,'2018-06-01',25,1),(10,392,'2018-09-01',25,1),(11,388,'2018-09-01',25,1),(12,381,'2018-09-02',25,3),(13,385,'2018-12-04',25,1),(14,384,'2018-11-01',25,1),(15,382,'2018-11-09',25,3),(16,363,'2021-03-03',25,3),(17,380,'2020-06-01',25,2),(18,378,'2020-08-02',25,1),(19,379,'2020-08-05',25,2),(20,377,'2020-09-02',25,2),(21,357,'2021-02-02',25,3),(22,359,'2021-02-02',25,3),(23,358,'2021-02-02',25,3),(24,364,'2020-12-12',25,3),(25,257,'2020-07-07',25,3),(26,376,'2020-01-01',25,58),(27,368,'2018-12-12',25,3),(28,361,'2020-12-21',25,3),(29,356,'2019-08-08',25,3),(30,374,'2021-04-04',25,6),(31,373,'2021-02-02',25,6),(32,365,'2020-12-16',25,3),(33,371,'2021-03-03',25,3),(34,375,'2021-03-03',25,3),(35,366,'2020-12-12',25,2),(36,360,'2021-01-21',25,11),(37,369,'2021-02-02',25,12),(38,370,'2021-01-02',25,12),(39,402,'2019-12-12',25,3),(40,386,'2018-11-05',25,1),(41,383,'2019-12-12',25,1),(42,267,'2018-06-05',25,1),(43,401,'2021-01-01',25,3),(44,400,'2021-01-01',25,3),(45,404,'2018-08-01',25,1),(46,403,'2018-08-01',25,1),(47,396,'2018-09-06',25,1),(48,407,'2018-09-01',25,1),(49,408,'2020-06-01',25,1),(50,297,'2019-11-11',25,2),(51,278,'2020-01-01',25,3),(52,280,'2020-02-02',25,3),(53,281,'2020-02-02',25,3),(54,289,'2020-12-01',25,4),(55,292,'2021-02-02',25,5),(56,286,'2020-06-06',25,3),(57,287,'2019-12-12',25,3),(58,329,'2021-01-14',25,3),(59,288,'2021-01-18',25,3),(60,279,'2020-01-01',25,3),(61,300,'2019-12-12',25,2),(62,293,'2020-01-01',25,3),(63,294,'2020-02-02',25,3),(64,282,'2020-01-01',25,1),(65,283,'2020-02-02',25,1),(66,284,'2020-02-02',25,1),(67,299,'2020-02-02',25,4),(68,298,'2020-01-01',25,2),(69,296,'2019-12-12',25,1),(70,295,'2019-11-11',25,3),(71,291,'2021-03-03',25,5),(72,285,'2020-03-03',25,1),(73,268,'2018-06-05',25,1),(74,270,'2018-06-05',25,2),(75,237,'2021-02-02',25,3),(76,328,'2020-02-02',25,2),(77,230,'2021-02-02',25,3),(78,233,'2020-02-02',25,3),(79,263,'2020-02-12',25,1),(80,409,'2020-02-14',25,1),(81,250,'2020-02-02',25,3),(82,239,'2020-02-02',25,6),(83,265,'2018-09-12',25,1),(84,276,'2019-12-01',25,2),(85,249,'2019-09-03',25,3),(86,277,'2020-04-04',25,2),(87,326,'2020-02-02',25,3),(88,327,'2021-03-03',25,3),(89,325,'2021-03-03',25,3),(90,251,'2020-02-02',25,3),(91,224,'2020-03-03',25,6),(92,232,'2020-02-02',25,6),(93,254,'2019-04-04',25,1),(94,240,'2019-04-04',25,1),(95,252,'2019-07-07',25,1),(96,354,'2019-03-03',25,1),(97,182,'2019-04-04',25,2),(98,253,'2019-07-07',25,1),(99,229,'2020-12-12',25,3),(100,258,'2021-01-01',25,3),(101,262,'2020-11-11',25,3),(102,227,'2020-01-01',25,3),(103,248,'2021-01-01',25,3),(104,255,'2020-03-03',25,3),(105,259,'2021-01-01',25,3),(106,311,'2021-01-01',25,3),(107,335,'2018-06-06',25,3),(108,290,'2020-12-21',25,3),(109,271,'2020-03-01',25,3),(110,273,'2020-04-04',25,2),(111,272,'2020-03-03',25,2),(112,275,'2020-02-02',25,1),(113,274,'2019-08-19',25,2),(114,353,'2020-03-31',25,1),(115,352,'2020-03-29',25,3),(116,315,'2020-02-02',25,6),(117,241,'2020-03-03',25,3),(118,235,'2020-02-02',25,3),(119,234,'2020-07-07',25,2),(120,256,'2019-11-11',25,2),(121,211,'2020-09-09',25,1),(122,244,'2020-08-29',25,3),(123,236,'2020-09-10',25,3),(124,247,'2019-10-10',25,3),(125,246,'2020-07-07',25,3),(126,245,'2019-12-24',25,3),(127,228,'2020-01-01',25,3),(128,242,'2019-12-12',25,3),(129,344,'2020-08-08',25,6),(130,316,'2020-02-01',25,6),(131,341,'2020-02-13',25,6),(132,346,'2020-09-17',25,7),(133,312,'2020-01-01',25,3),(134,355,'2020-03-03',25,1),(135,339,'2020-07-07',25,3),(136,243,'2020-04-04',25,4),(137,225,'2020-07-07',25,4),(138,264,'2020-01-20',25,2),(139,411,'2021-02-02',25,2),(140,410,'2021-01-01',25,2);

#
# Structure for table "seed_roles"
#

DROP TABLE IF EXISTS `seed_roles`;
CREATE TABLE `seed_roles` (
  `Id` int(11) NOT NULL AUTO_INCREMENT,
  `role` varchar(25) DEFAULT NULL,
  PRIMARY KEY (`Id`)
) ENGINE=InnoDB AUTO_INCREMENT=4 DEFAULT CHARSET=latin1;

#
# Data for table "seed_roles"
#

INSERT INTO `seed_roles` VALUES (1,'admin'),(2,'courier_boy'),(3,'manager');

#
# Structure for table "service_availability"
#

DROP TABLE IF EXISTS `service_availability`;
CREATE TABLE `service_availability` (
  `Id` int(11) NOT NULL AUTO_INCREMENT,
  `pincode` varchar(25) DEFAULT NULL,
  `area` varchar(100) DEFAULT NULL,
  `city` varchar(50) DEFAULT NULL,
  `state` varchar(50) DEFAULT NULL,
  `country` varchar(50) DEFAULT NULL,
  PRIMARY KEY (`Id`),
  UNIQUE KEY `pincode` (`pincode`)
) ENGINE=InnoDB AUTO_INCREMENT=21 DEFAULT CHARSET=latin1;

#
# Data for table "service_availability"
#

INSERT INTO `service_availability` VALUES (6,'560001',NULL,NULL,NULL,NULL),(12,'560005',NULL,NULL,NULL,NULL),(13,'560008',NULL,NULL,NULL,NULL),(14,'560002',NULL,NULL,NULL,NULL),(15,'560004',NULL,NULL,NULL,NULL),(16,'560003',NULL,NULL,NULL,NULL),(17,'560076','test area','city','state','country'),(19,'560053',NULL,NULL,NULL,NULL),(20,'560047',NULL,NULL,NULL,NULL);

#
# Structure for table "stock_dispatch"
#

DROP TABLE IF EXISTS `stock_dispatch`;
CREATE TABLE `stock_dispatch` (
  `Id` int(11) NOT NULL AUTO_INCREMENT,
  `to_addr` varchar(255) DEFAULT NULL,
  `invoice_date` date DEFAULT NULL,
  `courier_center_id` int(11) DEFAULT NULL,
  `payment_mode` varchar(25) DEFAULT NULL,
  `amount` int(11) DEFAULT NULL,
  `mobile_no` varchar(25) DEFAULT NULL,
  `dispatch_type` char(1) DEFAULT NULL,
  `dispatch_weight` int(11) DEFAULT NULL,
  PRIMARY KEY (`Id`),
  KEY `courier_center_id` (`courier_center_id`),
  CONSTRAINT `stock_dispatch_ibfk_1` FOREIGN KEY (`courier_center_id`) REFERENCES `courier_centers` (`Id`)
) ENGINE=InnoDB AUTO_INCREMENT=80 DEFAULT CHARSET=latin1;

#
# Data for table "stock_dispatch"
#

INSERT INTO `stock_dispatch` VALUES (79,'test address','2018-06-02',25,'cash',30,'987654321',NULL,NULL);

#
# Structure for table "stock_dispatch_products"
#

DROP TABLE IF EXISTS `stock_dispatch_products`;
CREATE TABLE `stock_dispatch_products` (
  `Id` int(11) NOT NULL AUTO_INCREMENT,
  `stock_dispatch_id` int(11) DEFAULT NULL,
  `product_id` int(11) DEFAULT NULL,
  `expiry_date` date DEFAULT NULL,
  `quantity` int(11) DEFAULT NULL,
  `invoice_number` varchar(255) DEFAULT NULL,
  PRIMARY KEY (`Id`),
  KEY `stock_dispatch_id` (`stock_dispatch_id`),
  KEY `product_id` (`product_id`),
  CONSTRAINT `stock_dispatch_products_ibfk_1` FOREIGN KEY (`stock_dispatch_id`) REFERENCES `stock_dispatch` (`Id`),
  CONSTRAINT `stock_dispatch_products_ibfk_2` FOREIGN KEY (`product_id`) REFERENCES `products` (`Id`)
) ENGINE=InnoDB AUTO_INCREMENT=2 DEFAULT CHARSET=latin1;

#
# Data for table "stock_dispatch_products"
#

INSERT INTO `stock_dispatch_products` VALUES (1,79,396,'2018-06-02',230,'23');

#
# Structure for table "stock_entry"
#

DROP TABLE IF EXISTS `stock_entry`;
CREATE TABLE `stock_entry` (
  `Id` int(11) NOT NULL AUTO_INCREMENT,
  `product_id` int(11) DEFAULT NULL,
  `courier_center_id` int(11) DEFAULT NULL,
  `quantity` int(11) DEFAULT NULL,
  `manufacture_date` date DEFAULT NULL,
  `expiry_date` date DEFAULT NULL,
  `entry_date` date DEFAULT NULL,
  `invoice_number` varchar(255) DEFAULT NULL,
  `shop_name` varchar(255) DEFAULT NULL,
  PRIMARY KEY (`Id`),
  UNIQUE KEY `unique_stock` (`product_id`,`courier_center_id`,`invoice_number`,`expiry_date`)
) ENGINE=InnoDB AUTO_INCREMENT=141 DEFAULT CHARSET=latin1;

#
# Data for table "stock_entry"
#

INSERT INTO `stock_entry` VALUES (1,397,25,1,'2018-03-31','2018-10-01','2018-06-04','1017T051802958','metero'),(2,396,25,1,'2018-04-06','2018-09-30','2018-06-04','1017T051802958','metero'),(3,395,25,1,'2018-04-04','2018-09-30','2018-06-04','1017T051802958','metero'),(4,393,25,1,'2018-03-01','2018-09-01','2018-06-04','1017T051802958','Metro 560055'),(5,391,25,1,'2018-03-01','2018-09-01','2018-06-04','1017TO51802958','Metro 560055'),(6,389,25,1,'2018-03-01','2018-07-01','2018-06-04','1017T051802958','Metro 560055'),(7,390,25,1,'2018-03-01','2018-09-01','2018-06-04','1017T051802958','Metro 560055'),(8,387,25,1,'2018-02-05','2018-07-05','2018-06-04','1017T051802958','Metro 560055'),(9,394,25,1,'2018-03-01','2018-06-01','2018-06-04','1017T051802958','Metro 560055'),(10,392,25,1,'2018-03-01','2018-09-01','2018-06-04','1017T051802958','Metro 560055'),(11,388,25,1,'2018-03-01','2018-09-01','2018-06-04','1017T051802958','Metro 560055'),(12,381,25,3,'2018-02-02','2018-09-02','2018-06-04','1017t051802958','Metro 560055'),(13,385,25,1,'2018-04-04','2018-12-04','2018-06-04','1017T051802958','Metro 560055'),(14,384,25,1,'2018-03-01','2018-11-01','2018-06-04','1017T051802958','Metro 560055'),(15,382,25,3,'2018-03-07','2018-11-09','2018-06-04','1017T051802958','Metro 560055'),(16,363,25,3,'2018-04-04','2021-03-03','2018-06-04','1033T051803880','Metro 560055'),(17,380,25,2,'2017-07-01','2020-06-01','2018-06-04','1033T051803880','Metro 560055'),(18,378,25,1,'2017-08-02','2020-08-02','2018-06-04','1033T051803880','Metro 560055'),(19,379,25,2,'2017-08-05','2020-08-05','2018-06-04','1033T051803880','Metro 560055'),(20,377,25,2,'2017-09-02','2020-09-02','2018-06-04','1033T051803880','Metro 560055'),(21,357,25,3,'2018-03-03','2021-02-02','2018-06-04','1033T051803880','Metro 560055'),(22,359,25,3,'2018-03-03','2021-02-02','2018-06-04','1033T051803880','Metro 560055'),(23,358,25,3,'2018-03-03','2021-02-02','2018-06-04','1033T051803880','Metro 560055'),(24,364,25,3,'2018-01-01','2020-12-12','2018-06-04','1033T051803880','Metro 560055'),(25,257,25,3,'2017-08-08','2020-07-07','2018-06-04','1033T051803880','Metro 560055'),(26,376,25,58,'2018-02-02','2020-01-01','2018-06-04','1033T051803880','Metro 560055'),(27,368,25,3,'2017-01-01','2018-12-12','2018-06-04','1033T051803880','Metro 560055'),(28,361,25,3,'2017-12-12','2020-12-21','2018-06-04','1033T051803880','Metro 560055'),(29,356,25,3,'2017-08-08','2019-08-08','2018-06-04','1033T051803880','Metro 560055'),(30,374,25,6,'2018-04-04','2021-04-04','2018-06-05','1033T051803880','Metro 560055'),(31,373,25,6,'2018-02-02','2021-02-02','2018-06-05','1033T051803880','Metro 560055'),(32,365,25,3,'2018-01-17','2020-12-16','2018-06-05','1033T051803880','Metro 560055'),(33,371,25,3,'2018-03-03','2021-03-03','2018-06-05','1033T051803880','Metro 560055'),(34,375,25,3,'2018-03-03','2021-03-03','2018-06-05','1033T051803880','Metro 560055'),(35,366,25,2,'2018-01-01','2020-12-12','2018-06-05','1033T051803880','Metro 560055'),(36,360,25,11,'2018-02-02','2021-01-21','2018-06-05','1033T051803880','Metro 560055'),(37,369,25,12,'2018-03-03','2021-02-02','2018-06-05','1033T051803880','Metro 560055'),(38,370,25,12,'2018-02-02','2021-01-02','2018-06-05','1033T051803880','Metro 560055'),(39,402,25,3,'2017-12-12','2019-12-12','2018-06-05','1033T051803880','Metro 560055'),(40,386,25,1,'2018-06-05','2018-11-05','2018-06-05','1017T051802958','Metro 560055'),(41,383,25,1,'2017-12-12','2019-12-12','2018-06-05','1017T051802958','Metro 560055'),(42,267,25,1,'2018-06-05','2018-06-05','2018-06-05','1017T041801375','Metro 560055'),(43,401,25,3,'2018-02-02','2021-01-01','2018-06-05','1033T051803880','metero'),(44,400,25,3,'2018-02-02','2021-01-01','2018-06-05','1033T051803880','metero'),(45,404,25,1,'2018-03-01','2018-08-01','2018-06-05','1017T051802958','metero'),(46,403,25,1,'2018-02-28','2018-08-01','2018-06-05','1017T051802958','metero'),(47,396,25,1,'2018-04-06','2018-09-06','2018-06-05','1017T051802958','metero'),(48,407,25,1,'2018-02-19','2018-09-01','2018-06-05','1017T051802958','metero'),(49,408,25,1,'2017-07-01','2020-06-01','2018-06-05','1033t051803880','metero'),(50,297,25,2,'2017-11-11','2019-11-11','2018-06-05','1033T041801851','metero'),(51,278,25,3,'2018-02-02','2020-01-01','2018-06-05','1033T041801851','metero'),(52,280,25,3,'2018-03-03','2020-02-02','2018-06-05','1033T041801851','metero'),(53,281,25,3,'2018-03-03','2020-02-02','2018-06-05','1033TO41801851','metero'),(54,289,25,4,'2018-01-01','2020-12-01','2018-06-05','1033T041801851','metero'),(55,292,25,5,'2018-02-02','2021-02-02','2018-06-05','1033T041801851','metero'),(56,286,25,3,'2018-01-01','2020-06-06','2018-06-05','1033T041801851','metero'),(57,287,25,3,'2018-01-01','2019-12-12','2018-06-05','1033T041801851','metero'),(58,329,25,3,'2018-02-15','2021-01-14','2018-06-05','1033T041801851','metero'),(59,288,25,3,'2018-02-19','2021-01-18','2018-06-05','1033T041801851','metero'),(60,279,25,3,'2018-02-02','2020-01-01','2018-06-05','1033T041801851','metero'),(61,300,25,2,'2018-01-01','2019-12-12','2018-06-05','1033T041801851','metero'),(62,293,25,3,'2018-02-02','2020-01-01','2018-06-05','1033T041801851','metero'),(63,294,25,3,'2018-03-03','2020-02-02','2018-06-05','1033T041801851','metero'),(64,282,25,1,'2018-02-02','2020-01-01','2018-06-05','1033T041801851','metero'),(65,283,25,1,'2018-03-03','2020-02-02','2018-06-05','103T041801851','metero'),(66,284,25,1,'2018-03-03','2020-02-02','2018-06-05','1033T041801851','metero'),(67,299,25,4,'2018-03-03','2020-02-02','2018-06-05','1033T041801851','metero'),(68,298,25,2,'2018-02-02','2020-01-01','2018-06-05','1033T04181851','metero'),(69,296,25,1,'2018-01-01','2019-12-12','2018-06-05','1033T041801851','metero'),(70,295,25,3,'2017-12-12','2019-11-11','2018-06-05','1033T041801851','metero'),(71,291,25,5,'2018-03-03','2021-03-03','2018-06-05','1033T041801851','metero'),(72,285,25,1,'2018-04-04','2020-03-03','2018-06-05','1033T041801851','metero'),(73,268,25,1,'2018-06-05','2018-06-05','2018-06-05','1017T041801375','metero'),(74,270,25,2,'2018-06-05','2018-06-05','2018-06-05','1017T041801375','metero'),(75,237,25,3,'2018-02-02','2021-02-02','2018-06-05','1017T041801375','metero'),(76,328,25,2,'2018-03-03','2020-02-02','2018-06-05','1033T041801851','metero'),(77,230,25,3,'2018-02-02','2021-02-02','2018-06-05','1017T041801375','metero'),(78,233,25,3,'2018-02-02','2020-02-02','2018-06-05','1017T041801375','metero'),(79,263,25,1,'2018-02-12','2020-02-12','2018-06-05','1017T041801375','metero'),(80,409,25,1,'2018-02-14','2020-02-14','2018-06-05','1017t041801375','metero'),(81,250,25,3,'2018-03-03','2020-02-02','2018-06-05','1017t041801375','metero'),(82,239,25,6,'2018-03-03','2020-02-02','2018-06-05','1017t041801375','metero'),(83,265,25,1,'2017-12-12','2018-09-12','2018-06-05','1017t041801375','metero'),(84,276,25,2,'2018-02-02','2019-12-01','2018-06-05','1017t041801375','metero'),(85,249,25,3,'2018-03-03','2019-09-03','2018-06-05','1017t041801375','metero'),(86,277,25,2,'2018-04-04','2020-04-04','2018-06-05','1017T041801375','metero'),(87,326,25,3,'2018-03-03','2020-02-02','2018-06-05','1033T041801851','metero'),(88,327,25,3,'2018-03-03','2021-03-03','2018-06-05','1033T041801851','metero'),(89,325,25,3,'2018-03-03','2021-03-03','2018-06-05','1033T041801851','metero'),(90,251,25,3,'2018-02-02','2020-02-02','2018-06-06','1017T041801375','Metro 560055'),(91,224,25,6,'2018-03-03','2020-03-03','2018-06-06','1017T041801375','Metro 560055'),(92,232,25,6,'2018-02-02','2020-02-02','2018-06-06','1017T041801375','Metro 560055'),(93,254,25,1,'2017-04-04','2019-04-04','2018-06-06','1017T041801375','Metro 560055'),(94,240,25,1,'2017-04-04','2019-04-04','2018-06-06','1017T041801375','Metro 560055'),(95,252,25,1,'2017-07-07','2019-07-07','2018-06-06','1017T041801375','Metro 560055'),(96,354,25,1,'2018-01-01','2019-03-03','2018-06-06','1017T041801375','Metro 560055'),(97,182,25,2,'2018-02-02','2019-04-04','2018-06-06','1017T041801375','Metro 560055'),(98,253,25,1,'2017-07-07','2019-07-07','2018-06-06','1017T041801375','Metro 560055'),(99,229,25,3,'2017-12-12','2020-12-12','2018-06-06','1017T041801375','Metro 560055'),(100,258,25,3,'2018-01-01','2021-01-01','2018-06-06','1017T041801375','Metro 560055'),(101,262,25,3,'2017-11-11','2020-11-11','2018-06-06','1017T041801375','Metro 560055'),(102,227,25,3,'2018-01-01','2020-01-01','2018-06-06','1017T041801375','Metro 560055'),(103,248,25,3,'2018-02-02','2021-01-01','2018-06-06','1017T041801375','Metro 560055'),(104,255,25,3,'2018-03-03','2020-03-03','2018-06-06','1017T041801375','Metro 560055'),(105,259,25,3,'2018-02-02','2021-01-01','2018-06-06','1017T041801375','Metro 560055'),(106,311,25,3,'2018-02-02','2021-01-01','2018-06-06','1033T041801851','Metro 560055'),(107,335,25,3,'2018-06-06','2018-06-06','2018-06-06','1033T041801851','Metro 560055'),(108,290,25,3,'2018-01-01','2020-12-21','2018-06-06','1033T041801851','Metro 560055'),(109,271,25,3,'2018-03-01','2020-03-01','2018-06-06','1017T041801375','Metro 560055'),(110,273,25,2,'2018-04-04','2020-04-04','2018-06-06','1017T041801375','Metro 560055'),(111,272,25,2,'2018-03-03','2020-03-03','2018-06-06','1017T041801375','Metro 560055'),(112,275,25,1,'2018-02-02','2020-02-02','2018-06-06','1017T041801375','Metro 560055'),(113,274,25,2,'2018-01-18','2019-08-19','2018-06-06','1017T041801375','Metro 560055'),(114,353,25,3,'2018-03-31','2020-03-31','2018-06-06','1017T041801375','Metro 560055'),(115,352,25,3,'2018-03-29','2020-03-29','2018-06-06','1017T041801375','Metro 560055'),(116,315,25,6,'2018-03-03','2020-02-02','2018-06-06','1033T041801851','Metro 560055'),(117,241,25,3,'2018-03-03','2020-03-03','2018-06-06','1017T041801375','Metro 560055'),(118,235,25,3,'2018-03-03','2020-02-02','2018-06-06','1017T041801375','Metro 560055'),(119,234,25,2,'2017-07-07','2020-07-07','2018-06-06','1017T041801375','Metro 560055'),(120,256,25,2,'2017-11-11','2019-11-11','2018-06-06','1017T041801375','Metro 560055'),(121,211,25,1,'2017-09-09','2020-09-09','2018-06-06','1017T041801375','Metro 560055'),(122,244,25,3,'2017-08-29','2020-08-29','2018-06-06','1017T041801375','Metro 560055'),(123,236,25,3,'2017-10-10','2020-09-10','2018-06-06','1017T041801375','Metro 560055'),(124,247,25,3,'2017-11-11','2019-10-10','2018-06-06','1017T041801375','Metro 560055'),(125,246,25,3,'2017-07-13','2020-07-07','2018-06-06','1017T041801375','Metro 560055'),(126,245,25,3,'2017-12-25','2019-12-24','2018-06-06','1017T041801375','Metro 560055'),(127,228,25,3,'2018-02-02','2020-01-01','2018-06-06','1017T041801375','Metro 560055'),(128,242,25,3,'2018-01-01','2019-12-12','2018-06-06','1017T041801375','Metro 560055'),(129,344,25,6,'2018-02-10','2020-08-08','2018-06-06','1033T041801851','Metro'),(130,316,25,6,'2018-02-02','2020-02-01','2018-06-06','1033T041801851','Metro 560055'),(131,341,25,6,'2018-02-14','2020-02-13','2018-06-06','1033T041801851','Metro 560055'),(132,346,25,7,'2018-03-22','2020-09-17','2018-06-06','1033T041801851','Metro 560055'),(133,312,25,3,'2018-02-02','2020-01-01','2018-06-06','1033T041801851','Metro 560055'),(134,355,25,1,'2018-03-03','2020-03-03','2018-06-06','1033T041801851','Metro 560055'),(135,339,25,3,'2018-03-03','2020-07-07','2018-06-06','1033T041801851','Metro 560055'),(136,243,25,4,'2017-11-11','2020-04-04','2018-06-06','1017T041801375','Metro 560055'),(137,225,25,4,'2018-02-02','2020-07-07','2018-06-06','1017T041801375','Metro 560055'),(138,264,25,2,'2018-01-20','2020-01-20','2018-06-06','1017T041801375','Metro 560055'),(139,411,25,2,'2018-03-03','2021-02-02','2018-06-06','1033T041801851','Metro 560055'),(140,410,25,2,'2018-02-02','2021-01-01','2018-06-06','1033T041801851','Metro 560055');

#
# Structure for table "users"
#

DROP TABLE IF EXISTS `users`;
CREATE TABLE `users` (
  `Id` int(11) NOT NULL AUTO_INCREMENT,
  `username` varchar(50) DEFAULT NULL,
  `password` varchar(50) DEFAULT NULL,
  `role_id` int(11) NOT NULL DEFAULT '0',
  PRIMARY KEY (`Id`),
  UNIQUE KEY `unique_username` (`username`),
  KEY `roles_fk` (`role_id`),
  CONSTRAINT `roles_fk` FOREIGN KEY (`role_id`) REFERENCES `seed_roles` (`Id`)
) ENGINE=InnoDB AUTO_INCREMENT=106 DEFAULT CHARSET=latin1;

#
# Data for table "users"
#

INSERT INTO `users` VALUES (1,'admin','hz_ali',1),(72,'test','test@123',2),(73,'siddi',NULL,2),(86,'newuploaduser123',NULL,3),(89,'n123',NULL,3),(91,'dsfdn123',NULL,3),(92,'aaaaaaaaaaa',NULL,2),(94,'aaaaaaaaaaaaaaaaaaaaaaaaa',NULL,2),(97,'Siddique',NULL,2),(98,'Viqar','12345',2),(99,'FirstUserName',NULL,2),(100,'1234567890',NULL,2),(101,'234234513142','34523445',2),(102,'9916865684','123456789',2),(103,'234567899','pass123$',2),(104,'1234567899','pass123$',2),(105,'8892614271','pass123$',2);

#
# Structure for table "employees"
#

DROP TABLE IF EXISTS `employees`;
CREATE TABLE `employees` (
  `Id` int(11) NOT NULL AUTO_INCREMENT,
  `first_name` varchar(50) DEFAULT NULL,
  `last_name` varchar(50) DEFAULT NULL,
  `mobile_number` varchar(15) DEFAULT NULL,
  `alternate_number` varchar(15) DEFAULT NULL,
  `permanent_address` varchar(255) DEFAULT NULL,
  `current_address` varchar(255) DEFAULT NULL,
  `user_id` int(11) DEFAULT NULL,
  `bank_account_holder_name` varchar(255) DEFAULT NULL,
  `bank_name` varchar(255) DEFAULT NULL,
  `bank_account_number` varchar(255) DEFAULT NULL,
  `bank_ifsc_code` varchar(255) DEFAULT NULL,
  `enable` int(11) NOT NULL DEFAULT '1',
  `photo_file_name` varchar(255) DEFAULT NULL,
  `photo_unique_file_name` varchar(255) DEFAULT NULL,
  `dl_file_name` varchar(255) DEFAULT NULL,
  `dl_unique_file_name` varchar(255) DEFAULT NULL,
  `pan_file_name` varchar(255) DEFAULT NULL,
  `pan_unique_file_name` varchar(255) DEFAULT NULL,
  `courier_center_id` int(11) DEFAULT NULL,
  PRIMARY KEY (`Id`),
  KEY `employees_ibfk_1` (`user_id`),
  KEY `courier_center_id` (`courier_center_id`),
  CONSTRAINT `employees_ibfk_1` FOREIGN KEY (`user_id`) REFERENCES `users` (`Id`),
  CONSTRAINT `employees_ibfk_2` FOREIGN KEY (`courier_center_id`) REFERENCES `courier_centers` (`Id`)
) ENGINE=InnoDB DEFAULT CHARSET=latin1;

#
# Data for table "employees"
#


#
# Structure for table "courier_boys"
#

DROP TABLE IF EXISTS `courier_boys`;
CREATE TABLE `courier_boys` (
  `Id` int(11) NOT NULL AUTO_INCREMENT,
  `first_name` varchar(50) DEFAULT NULL,
  `last_name` varchar(50) DEFAULT NULL,
  `mobile_number` varchar(15) DEFAULT NULL,
  `alternate_number` varchar(15) DEFAULT NULL,
  `permanent_address` varchar(255) DEFAULT NULL,
  `current_address` varchar(255) DEFAULT NULL,
  `vehicle_type` varchar(20) DEFAULT NULL,
  `vehicle_name` varchar(50) DEFAULT NULL,
  `dl_number` varchar(50) DEFAULT NULL,
  `batch_number` varchar(50) DEFAULT NULL,
  `dl_unique_file_name` varchar(50) DEFAULT NULL,
  `rc_unique_file_name` varchar(50) DEFAULT NULL,
  `insurance_unique_file_name` varchar(50) DEFAULT NULL,
  `roadtax_unique_file_name` varchar(50) DEFAULT NULL,
  `photo_unique_file_name` varchar(50) DEFAULT NULL,
  `user_id` int(11) DEFAULT NULL,
  `bank_account_holder_name` varchar(255) DEFAULT NULL,
  `bank_name` varchar(255) DEFAULT NULL,
  `bank_account_number` varchar(255) DEFAULT NULL,
  `bank_ifsc_code` varchar(255) DEFAULT NULL,
  `enable` int(11) NOT NULL DEFAULT '1',
  `dl_file_name` varchar(255) DEFAULT NULL,
  `rc_file_name` varchar(255) DEFAULT NULL,
  `insurance_file_name` varchar(255) DEFAULT NULL,
  `roadtax_file_name` varchar(255) DEFAULT NULL,
  `photo_file_name` varchar(255) DEFAULT NULL,
  `vehicle_owner` varchar(50) DEFAULT NULL,
  `company_mobile_no` varchar(25) DEFAULT NULL,
  `mobile_no_issue_date` date DEFAULT NULL,
  `mobile_no_return_date` date DEFAULT NULL,
  PRIMARY KEY (`Id`),
  KEY `courier_boys_ibfk_1` (`user_id`),
  CONSTRAINT `courier_boys_ibfk_1` FOREIGN KEY (`user_id`) REFERENCES `users` (`Id`)
) ENGINE=InnoDB AUTO_INCREMENT=34 DEFAULT CHARSET=latin1;

#
# Data for table "courier_boys"
#

INSERT INTO `courier_boys` VALUES (25,'Zubair','Ahmed','9886378695','9902485246','66/67jeelani mansiion muniramappa garden 1 st cross near keb layout sanjay nager bangalore 560094','66/67jeelani mansiion muniramappa garden 1 st cross near keb layout sanjay nager bangalore 560094ddress','2W','g','KA1720120013280','0','21526372f4074403af5f4b84d5e4872b.jpg','6028f837205242479660d4eb5899e99c.jpg','716b26ccd4564a9880b5df593d58b4a1.jpg','aee769edfdc64ae582975c7bba911799.jpg','cb0bb364090e4b5788b291b2ce0c2020.jpg',97,'123456789987','hdfc','siddique','icici123455',1,'voterid_2.jpg','catering.jpg','modular-2.jpg','modular-3.jpg','20180425_110718.jpg','S',NULL,NULL,NULL),(26,'Viqar','Viq','123456789',NULL,'bharati nagar','bharati nagar','2W','galmour','123456789','q122344','3fa5a35cea1746f6ac9d64b5a2289f57.jpg','cf47980096454a31829275f33afe31b7.jpg','93e3be4d07164a44af723e5fac16a540.jpg','643295db38bc43b1a9a3b333d1bd2232.jpg','13d995e2f5af41f6a2cc7b40ad27e7bc.jpg',98,'qwerthgsd','hdfc','123456789123','hdfc1234',0,'catering.jpg','modular-1.jpg','modular-2.jpg','modular-3.jpg','Tulips.jpg','S',NULL,NULL,NULL),(27,'Test First Name','Test Last Name','576876786','68768868','dgsajgdja, djsahdkjash\ndhsajdhkajshdkhask','sdgfhsgahdfa,gdjahgdja\nasdgjas','2W','test vehicle','DL78978979','BAT6768','8fe164fb74744b409d50ef83c981a8d1.PNG','1565f3d1700140c788f7fc51bf5f697c.PNG','6a96d362b17e40de945c854dda0ef9c7.PNG','a9c35c3f25f346d594b24b82ca935593.PNG','3253d141b40c4e6db7aea1e754ae8697.jpg',99,'76576576575','Axis','76576576576','JDSAD677',0,'6583-upload-1.PNG','6583-upload-2.PNG','6583-upload-1.PNG','a2z_error.PNG','Lighthouse.jpg','S',NULL,NULL,NULL),(28,'ewqwe','erwer','1234567890',NULL,'fasdsdfsdf','gfjyfjythg','2W','tgiyuuyy','kgitygvythg','ytctvbiuytbyu','21a89ee77d9d43a4ae0d9c711ffa6c37.jpg','1cb170cdf6b44219a74f060d8b2b8c6a.jpg','7003bc2f8a7e4e229795dd2c604b8fc3.jpg','a2e7259f3c7743c498ce97bdbb36b7ba.jpg','43b8297a96564c98bb4457ede18d9800.jpg',100,'ytvgbo7utv ky','ytvgbitkuvbyuk','ytvg tyv bkuytbh','tyvg tuvb',0,'19d5560f632b88b05681fd442310ce15.jpg','242.jpg','242.jpg','242.jpg','242.jpg','S','0987654321','2018-05-12',NULL),(29,'test','test','234234513142',NULL,'sdfasdf','sddfassdf','2W','sdfasdf','2344534245','asddfasdf','32e3ff2b1fcf4d339c18d62cee666ab4.jpg','2bdd06ef30454822a161eb517ca11424.jpg','b8867794fc3c4244b03cf71a5939001f.jpg','79dad95daa7c45cba5e52f0a57c5af4b.jpg','87a6283634bd47298d002a3d829013d1.jpg',101,'dsdfasdsf','dfasdfdasdffas','asdsdfassfdsdda','sfdasdsf',0,'19d5560f632b88b05681fd442310ce15.jpg','242.jpg','242.jpg','19d5560f632b88b05681fd442310ce15.jpg','19d5560f632b88b05681fd442310ce15.jpg','S','43452345345','2018-05-05',NULL),(30,'Shabaz','pasha','9916865684','9742593308','37/10 4th cross marrappa garden j c nagar blr 560006','37/10 4th cross marrappa garden j c nagar blr 560006','2W','activa','ka5120100000841','1','c8ab96e0c1084689b5ce4f9a43a5edfa.jpg','c626ee0fc21e40829be8bac7e65f5ef6.jpg','8783673d3b7e46f8a300e1b20763e11f.jpg','13e6b56dab224df080cddaf54e1b01b8.jpg','05d4bff28e13404f9b0b9e4afa4b0e73.jpg',102,'Shabaz pasha','State bank of india','20086710535','SBIN0001731',1,'img173.jpg','img173.jpg','img173.jpg','img173.jpg','PHOTO574.jpg','S','9916865684','2018-05-16',NULL),(31,'Aboobacker','Siddique','234567899',NULL,'permanent','current','2W','splender','123ds','batchnno','187ac59eb2334d0e973336c364e7be95.jpg','5b9e179dfb0a4843ba524f225153ad47.jpg','0fa2464885a7416c9aed46e5d37126e7.jpg','92d7b5fe9a444b6bbfa1f045fc42dd45.jpg','e4eabc5f4b4847b5abf98d97877c8aa3.jpg',103,'siddique','hdfc','123412341234','12345fsc',0,'242.jpg','242.jpg','19d5560f632b88b05681fd442310ce15.jpg','242.jpg','office-space-1.jpg','S','9876543211','2018-05-17',NULL),(32,'sadiq','sadiq','1234567899',NULL,'permanent','permanent','2W','glamour','dl12345','12345678','2456e40a9cfa4312bbd85ca46047412d.jpg','2342afcd8eb74b1dbf8db761589ba0fe.jpg','a52eb7451ee7495a80dd36f211848940.jpg','1781b63a9ef3464c806a2db9d1018c56.jpg','42c7274631704996836099e732c408c6.jpg',104,'sadiq','hdfc','123412341234','ifsc1234',0,'19d5560f632b88b05681fd442310ce15.jpg','19d5560f632b88b05681fd442310ce15.jpg','242.jpg','242.jpg','242.jpg','S','987654321','2018-05-17',NULL),(33,'Viqar','Ahmed','8892614271',NULL,'test address','test address','2W','TVS','DL24551','B4545','a0004bf173dc4b2187650da8b306584a.jpg','5f59888cf2794fe794a62b3323b767e0.jpg','57650677be164a7cbefa24c0e444ecda.jpg','7365ef42e00f4d33a0d37230dedced29.jpg','5e7ebe098afc4c6aa8f5c52cb4509717.jpg',105,'Viqar','hdfc','5451212454','IJSDJ54645',1,'71wcFM5jltL._SL1500_.jpg','aashirvaad-shudh-chakki-atta-2kg.jpg','8908000502017.jpg','518kAkz2qUL._SL1000_.jpg','31318161_233972427348557_3930091587773661184_o.jpg','S','8892614271','2018-06-09',NULL);

#
# Structure for table "courier_boy_invoices"
#

DROP TABLE IF EXISTS `courier_boy_invoices`;
CREATE TABLE `courier_boy_invoices` (
  `Id` int(11) NOT NULL AUTO_INCREMENT,
  `courier_boy_id` int(11) DEFAULT NULL,
  `stock_dispatch_id` int(11) DEFAULT NULL,
  `courier_status` char(1) DEFAULT NULL,
  `assigned_date` datetime DEFAULT NULL,
  `returned_date` datetime DEFAULT NULL,
  `delivered_date` datetime DEFAULT NULL,
  `payment_date` datetime DEFAULT NULL,
  `amount` int(11) DEFAULT NULL,
  PRIMARY KEY (`Id`),
  KEY `courier_boy_id` (`courier_boy_id`),
  KEY `stock_dispatch_id` (`stock_dispatch_id`),
  CONSTRAINT `courier_boy_invoices_ibfk_1` FOREIGN KEY (`courier_boy_id`) REFERENCES `courier_boys` (`Id`),
  CONSTRAINT `courier_boy_invoices_ibfk_2` FOREIGN KEY (`stock_dispatch_id`) REFERENCES `stock_dispatch` (`Id`)
) ENGINE=InnoDB DEFAULT CHARSET=latin1;

#
# Data for table "courier_boy_invoices"
#

